,profile_pic,team,position,first_name,last_name,rookie,bye
0,https://a.espncdn.com/combiner/i?img=/i/headshots/nfl/players/full/4240455.png&w=350&h=254,fa,RB,Deon,Jackson,False,-
1,https://a.espncdn.com/combiner/i?img=/i/headshots/nfl/players/full/3115364.png&w=350&h=254,fa,RB,Leonard,Fournette,False,-
2,https://a.espncdn.com/combiner/i?img=/i/headshots/nfl/players/full/3912550.png&w=350&h=254,fa,RB,Ronald,Jones,False,-
3,https://a.espncdn.com/combiner/i?img=/i/headshots/nfl/players/full/4052042.png&w=350&h=254,fa,RB,James,Robinson,False,-
4,https://a.espncdn.com/combiner/i?img=/i/headshots/nfl/players/full/4240380.png&w=350&h=254,fa,WR,KJ,Hamler,False,-
5,https://a.espncdn.com/combiner/i?img=/i/headshots/nfl/players/full/2572861.png&w=350&h=254,fa,RB,J.D.,McKissic,False,-
6,https://a.espncdn.com/combiner/i?img=/i/headshots/nfl/players/full/16790.png&w=350&h=254,fa,WR,Jarvis,Landry,False,-
7,https://a.espncdn.com/combiner/i?img=/i/headshots/nfl/players/full/13982.png&w=350&h=254,fa,WR,Julio,Jones,False,-
8,,fa,RB,Dontrell,Hilliard,False,-
9,,fa,RB,Darrell,Henderson Jr.,False,-
10,,fa,RB,Darrel,Williams,False,-
11,,fa,WR,Kenny,Golladay,False,-
12,,fa,RB,Mark,Ingram II,False,-
13,,fa,QB,Colt,McCoy,False,-
14,,fa,RB,Rex,Burkhead,False,-
15,https://a.espncdn.com/i/headshots/nfl/players/full/2565969.png,atlanta_falcons,QB,Taylor,Heinicke,False,11
16,https://a.espncdn.com/i/headshots/nfl/players/full/4239086.png,atlanta_falcons,QB,Desmond,Ridder,False,11
17,https://a.espncdn.com/i/headshots/nfl/players/full/4373626.png,atlanta_falcons,RB,Tyler,Allgeier,False,11
18,https://a.espncdn.com/i/headshots/nfl/players/full/15807.png,atlanta_falcons,RB,Cordarrelle,Patterson,False,11
19,https://a.espncdn.com/i/headshots/nfl/players/full/4430807.png,atlanta_falcons,RB,Bijan,Robinson,True,11
20,https://a.espncdn.com/i/headshots/nfl/players/full/3047876.png,atlanta_falcons,WR,KhaDarel,Hodge,False,11
21,https://a.espncdn.com/i/headshots/nfl/players/full/2991662.png,atlanta_falcons,WR,Mack,Hollins,False,11
22,https://a.espncdn.com/i/headshots/nfl/players/full/4426502.png,atlanta_falcons,WR,Drake,London,False,11
23,https://a.espncdn.com/i/headshots/nfl/players/full/3914397.png,atlanta_falcons,WR,Scott,Miller,False,11
24,https://a.espncdn.com/i/headshots/nfl/players/full/4360248.png,atlanta_falcons,TE,Kyle,Pitts,False,11
25,https://a.espncdn.com/i/headshots/nfl/players/full/3054212.png,atlanta_falcons,TE,Jonnu,Smith,False,11
26,https://a.espncdn.com/i/headshots/nfl/players/full/3044720.png,arizona_cardinals,QB,Joshua,Dobbs,False,14
27,https://a.espncdn.com/i/headshots/nfl/players/full/3917315.png,arizona_cardinals,QB,Kyler,Murray,False,14
28,https://a.espncdn.com/i/headshots/nfl/players/full/4360175.png,arizona_cardinals,QB,Clayton,Tune,True,14
29,https://a.espncdn.com/i/headshots/nfl/players/full/3045260.png,arizona_cardinals,RB,Corey,Clement,False,14
30,https://a.espncdn.com/i/headshots/nfl/players/full/3045147.png,arizona_cardinals,RB,James,Conner,False,14
31,https://a.espncdn.com/i/headshots/nfl/players/full/4362478.png,arizona_cardinals,RB,Emari,Demercado,True,14
32,https://a.espncdn.com/i/headshots/nfl/players/full/4362087.png,arizona_cardinals,RB,Keaontay,Ingram,False,14
33,https://a.espncdn.com/i/headshots/nfl/players/full/4241372.png,arizona_cardinals,WR,Marquise,Brown,False,14
34,https://a.espncdn.com/i/headshots/nfl/players/full/4037235.png,arizona_cardinals,WR,Greg,Dortch,False,14
35,https://a.espncdn.com/i/headshots/nfl/players/full/4372485.png,arizona_cardinals,WR,Rondale,Moore,False,14
36,https://a.espncdn.com/i/headshots/nfl/players/full/2978109.png,arizona_cardinals,WR,Zach,Pascal,False,14
37,https://a.espncdn.com/i/headshots/nfl/players/full/4360761.png,arizona_cardinals,WR,Michael,Wilson,True,14
38,https://a.espncdn.com/i/headshots/nfl/players/full/15835.png,arizona_cardinals,TE,Zach,Ertz,False,14
39,https://a.espncdn.com/i/headshots/nfl/players/full/4361307.png,arizona_cardinals,TE,Trey,McBride,False,14
40,https://a.espncdn.com/i/headshots/nfl/players/full/4035671.png,baltimore_ravens,QB,Tyler,Huntley,False,13
41,https://a.espncdn.com/i/headshots/nfl/players/full/3916387.png,baltimore_ravens,QB,Lamar,Jackson,False,13
42,https://a.espncdn.com/i/headshots/nfl/players/full/4241985.png,baltimore_ravens,RB,J.K.,Dobbins,False,13
43,https://a.espncdn.com/i/headshots/nfl/players/full/2979843.png,baltimore_ravens,RB,Kenyan,Drake,False,13
44,https://a.espncdn.com/i/headshots/nfl/players/full/3051926.png,baltimore_ravens,RB,Gus,Edwards,False,13
45,https://a.espncdn.com/i/headshots/nfl/players/full/2576434.png,baltimore_ravens,RB,Melvin,Gordon III,False,13
46,https://a.espncdn.com/i/headshots/nfl/players/full/4038441.png,baltimore_ravens,RB,Justice,Hill,False,13
47,https://a.espncdn.com/i/headshots/nfl/players/full/4596334.png,baltimore_ravens,RB,Keaton,Mitchell,True,13
48,https://a.espncdn.com/i/headshots/nfl/players/full/2971618.png,baltimore_ravens,WR,Nelson,Agholor,False,13
49,https://a.espncdn.com/i/headshots/nfl/players/full/4360939.png,baltimore_ravens,WR,Rashod,Bateman,False,13
50,https://a.espncdn.com/i/headshots/nfl/players/full/16733.png,baltimore_ravens,WR,Odell,Beckham Jr.,False,13
51,https://a.espncdn.com/i/headshots/nfl/players/full/4039050.png,baltimore_ravens,WR,Devin,Duvernay,False,13
52,https://a.espncdn.com/i/headshots/nfl/players/full/4429615.png,baltimore_ravens,WR,Zay,Flowers,True,13
53,https://a.espncdn.com/i/headshots/nfl/players/full/3116365.png,baltimore_ravens,TE,Mark,Andrews,False,13
54,https://a.espncdn.com/i/headshots/nfl/players/full/4361050.png,baltimore_ravens,TE,Isaiah,Likely,False,13
55,https://a.espncdn.com/i/headshots/nfl/players/full/3918298.png,buffalo_bills,QB,Josh,Allen,False,13
56,https://a.espncdn.com/i/headshots/nfl/players/full/4379399.png,buffalo_bills,RB,James,Cook,False,13
57,https://a.espncdn.com/i/headshots/nfl/players/full/3925347.png,buffalo_bills,RB,Damien,Harris,False,13
58,https://a.espncdn.com/i/headshots/nfl/players/full/3915411.png,buffalo_bills,RB,Ty,Johnson,False,13
59,https://a.espncdn.com/i/headshots/nfl/players/full/15920.png,buffalo_bills,RB,Latavius,Murray,False,13
60,https://a.espncdn.com/i/headshots/nfl/players/full/4243537.png,buffalo_bills,WR,Gabe,Davis,False,13
61,https://a.espncdn.com/i/headshots/nfl/players/full/2976212.png,buffalo_bills,WR,Stefon,Diggs,False,13
62,https://a.espncdn.com/i/headshots/nfl/players/full/4411193.png,buffalo_bills,WR,Deonte,Harty,False,13
63,https://a.espncdn.com/i/headshots/nfl/players/full/4373678.png,buffalo_bills,WR,Khalil,Shakir,False,13
64,https://a.espncdn.com/i/headshots/nfl/players/full/3122168.png,buffalo_bills,WR,Trent,Sherfield,False,13
65,https://a.espncdn.com/i/headshots/nfl/players/full/4385690.png,buffalo_bills,TE,Dalton,Kincaid,True,13
66,https://a.espncdn.com/i/headshots/nfl/players/full/3930086.png,buffalo_bills,TE,Dawson,Knox,False,13
67,https://a.espncdn.com/i/headshots/nfl/players/full/14012.png,carolina_panthers,QB,Andy,Dalton,False,7
68,https://a.espncdn.com/i/headshots/nfl/players/full/4685720.png,carolina_panthers,QB,Bryce,Young,True,7
69,https://a.espncdn.com/i/headshots/nfl/players/full/4259308.png,carolina_panthers,RB,Raheem,Blackshear,False,7
70,https://a.espncdn.com/i/headshots/nfl/players/full/4241416.png,carolina_panthers,RB,Chuba,Hubbard,False,7
71,https://a.espncdn.com/i/headshots/nfl/players/full/4045163.png,carolina_panthers,RB,Miles,Sanders,False,7
72,https://a.espncdn.com/i/headshots/nfl/players/full/3115394.png,carolina_panthers,WR,DJ,Chark Jr.,False,7
73,https://a.espncdn.com/i/headshots/nfl/players/full/4362630.png,carolina_panthers,WR,Terrace,Marshall Jr.,False,7
74,https://a.espncdn.com/i/headshots/nfl/players/full/4426485.png,carolina_panthers,WR,Jonathan,Mingo,True,7
75,https://a.espncdn.com/i/headshots/nfl/players/full/4243160.png,carolina_panthers,WR,Laviska,Shenault Jr.,False,7
76,https://a.espncdn.com/i/headshots/nfl/players/full/16460.png,carolina_panthers,WR,Adam,Thielen,False,7
77,https://a.espncdn.com/i/headshots/nfl/players/full/3924365.png,carolina_panthers,TE,Hayden,Hurst,False,7
78,https://a.espncdn.com/i/headshots/nfl/players/full/4362887.png,chicago_bears,QB,Justin,Fields,False,13
79,https://a.espncdn.com/i/headshots/nfl/players/full/3125116.png,chicago_bears,RB,D'Onta,Foreman,False,13
80,https://a.espncdn.com/i/headshots/nfl/players/full/4035886.png,chicago_bears,RB,Khalil,Herbert,False,13
81,https://a.espncdn.com/i/headshots/nfl/players/full/4037457.png,chicago_bears,RB,Travis,Homer,False,13
82,https://a.espncdn.com/i/headshots/nfl/players/full/4426386.png,chicago_bears,RB,Roschon,Johnson,True,13
83,https://a.espncdn.com/i/headshots/nfl/players/full/4046692.png,chicago_bears,WR,Chase,Claypool,False,13
84,https://a.espncdn.com/i/headshots/nfl/players/full/4035693.png,chicago_bears,WR,Velus,Jones Jr.,False,13
85,https://a.espncdn.com/i/headshots/nfl/players/full/4040655.png,chicago_bears,WR,Darnell,Mooney,False,13
86,https://a.espncdn.com/i/headshots/nfl/players/full/3915416.png,chicago_bears,WR,DJ,Moore,False,13
87,https://a.espncdn.com/i/headshots/nfl/players/full/4565908.png,chicago_bears,WR,Tyler,Scott,True,13
88,https://a.espncdn.com/i/headshots/nfl/players/full/4258595.png,chicago_bears,TE,Cole,Kmet,False,13
89,https://a.espncdn.com/i/headshots/nfl/players/full/2975674.png,chicago_bears,TE,Robert,Tonyan,False,13
90,https://a.espncdn.com/i/headshots/nfl/players/full/3915511.png,cincinnati_bengals,QB,Joe,Burrow,False,7
91,https://a.espncdn.com/i/headshots/nfl/players/full/4362238.png,cincinnati_bengals,RB,Chase,Brown,True,7
92,https://a.espncdn.com/i/headshots/nfl/players/full/4046530.png,cincinnati_bengals,RB,Chris,Evans,False,7
93,https://a.espncdn.com/i/headshots/nfl/players/full/3116385.png,cincinnati_bengals,RB,Joe,Mixon,False,7
94,https://a.espncdn.com/i/headshots/nfl/players/full/4035222.png,cincinnati_bengals,RB,Trayveon,Williams,False,7
95,https://a.espncdn.com/i/headshots/nfl/players/full/3045144.png,cincinnati_bengals,WR,Tyler,Boyd,False,7
96,https://a.espncdn.com/i/headshots/nfl/players/full/4362628.png,cincinnati_bengals,WR,Ja'Marr,Chase,False,7
97,https://a.espncdn.com/i/headshots/nfl/players/full/4239993.png,cincinnati_bengals,WR,Tee,Higgins,False,7
98,https://a.espncdn.com/i/headshots/nfl/players/full/4368003.png,cincinnati_bengals,WR,Andrei,Iosivas,True,7
99,https://a.espncdn.com/i/headshots/nfl/players/full/3931391.png,cincinnati_bengals,WR,Trenton,Irwin,False,7
100,https://a.espncdn.com/i/headshots/nfl/players/full/4257188.png,cincinnati_bengals,WR,Charlie,Jones,True,7
101,https://a.espncdn.com/i/headshots/nfl/players/full/4040980.png,cincinnati_bengals,TE,Irv,Smith Jr.,False,7
102,https://a.espncdn.com/i/headshots/nfl/players/full/3122840.png,cleveland_browns,QB,Deshaun,Watson,False,5
103,https://a.espncdn.com/i/headshots/nfl/players/full/3128720.png,cleveland_browns,RB,Nick,Chubb,False,5
104,https://a.espncdn.com/i/headshots/nfl/players/full/4372019.png,cleveland_browns,RB,Jerome,Ford,False,5
105,https://a.espncdn.com/i/headshots/nfl/players/full/3059915.png,cleveland_browns,RB,Kareem,Hunt,False,5
106,https://a.espncdn.com/i/headshots/nfl/players/full/4249836.png,cleveland_browns,RB,Pierre,Strong Jr.,False,5
107,https://a.espncdn.com/i/headshots/nfl/players/full/4570409.png,cleveland_browns,WR,David,Bell,False,5
108,https://a.espncdn.com/i/headshots/nfl/players/full/2976499.png,cleveland_browns,WR,Amari,Cooper,False,5
109,https://a.espncdn.com/i/headshots/nfl/players/full/15839.png,cleveland_browns,WR,Marquise,Goodwin,False,5
110,https://a.espncdn.com/i/headshots/nfl/players/full/4372414.png,cleveland_browns,WR,Elijah,Moore,False,5
111,https://a.espncdn.com/i/headshots/nfl/players/full/4258195.png,cleveland_browns,WR,Donovan,Peoples-Jones,False,5
112,https://a.espncdn.com/i/headshots/nfl/players/full/4369863.png,cleveland_browns,WR,Cedric,Tillman,True,5
113,https://a.espncdn.com/i/headshots/nfl/players/full/3128452.png,cleveland_browns,TE,Jordan,Akins,False,5
114,https://a.espncdn.com/i/headshots/nfl/players/full/4040774.png,cleveland_browns,TE,Harrison,Bryant,False,5
115,https://a.espncdn.com/i/headshots/nfl/players/full/3123076.png,cleveland_browns,TE,David,Njoku,False,5
116,https://a.espncdn.com/i/headshots/nfl/players/full/4383351.png,dallas_cowboys,QB,Trey,Lance,False,7
117,https://a.espncdn.com/i/headshots/nfl/players/full/2577417.png,dallas_cowboys,QB,Dak,Prescott,False,7
118,https://a.espncdn.com/i/headshots/nfl/players/full/4240603.png,dallas_cowboys,RB,Malik,Davis,False,7
119,https://a.espncdn.com/i/headshots/nfl/players/full/4038815.png,dallas_cowboys,RB,Rico,Dowdle,False,7
120,https://a.espncdn.com/i/headshots/nfl/players/full/3916148.png,dallas_cowboys,RB,Tony,Pollard,False,7
121,https://a.espncdn.com/i/headshots/nfl/players/full/4431453.png,dallas_cowboys,RB,Deuce,Vaughn,True,7
122,https://a.espncdn.com/i/headshots/nfl/players/full/16731.png,dallas_cowboys,WR,Brandin,Cooks,False,7
123,https://a.espncdn.com/i/headshots/nfl/players/full/4036348.png,dallas_cowboys,WR,Michael,Gallup,False,7
124,https://a.espncdn.com/i/headshots/nfl/players/full/4241389.png,dallas_cowboys,WR,CeeDee,Lamb,False,7
125,https://a.espncdn.com/i/headshots/nfl/players/full/4249417.png,dallas_cowboys,WR,Jalen,Tolbert,False,7
126,https://a.espncdn.com/i/headshots/nfl/players/full/4242355.png,dallas_cowboys,TE,Jake,Ferguson,False,7
127,https://a.espncdn.com/i/headshots/nfl/players/full/4258248.png,dallas_cowboys,TE,Peyton,Hendershot,False,7
128,https://a.espncdn.com/i/headshots/nfl/players/full/4372096.png,dallas_cowboys,TE,Luke,Schoonmaker,True,7
129,https://a.espncdn.com/i/headshots/nfl/players/full/14881.png,denver_broncos,QB,Russell,Wilson,False,9
130,https://a.espncdn.com/i/headshots/nfl/players/full/4722893.png,denver_broncos,RB,Jaleel,McLaughlin,False,9
131,https://a.espncdn.com/i/headshots/nfl/players/full/3116389.png,denver_broncos,RB,Samaje,Perine,False,9
132,https://a.espncdn.com/i/headshots/nfl/players/full/4361579.png,denver_broncos,RB,Javonte,Williams,False,9
133,https://a.espncdn.com/i/headshots/nfl/players/full/4241463.png,denver_broncos,WR,Jerry,Jeudy,False,9
134,https://a.espncdn.com/i/headshots/nfl/players/full/4035198.png,denver_broncos,WR,Brandon,Johnson,False,9
135,https://a.espncdn.com/i/headshots/nfl/players/full/4686472.png,denver_broncos,WR,Marvin,Mims Jr.,True,9
136,https://a.espncdn.com/i/headshots/nfl/players/full/3128429.png,denver_broncos,WR,Courtland,Sutton,False,9
137,https://a.espncdn.com/i/headshots/nfl/players/full/4367209.png,denver_broncos,TE,Greg,Dulcich,False,9
138,https://a.espncdn.com/i/headshots/nfl/players/full/3911853.png,denver_broncos,TE,Adam,Trautman,False,9
139,https://a.espncdn.com/i/headshots/nfl/players/full/3046779.png,detroit_lions,QB,Jared,Goff,False,9
140,https://a.espncdn.com/i/headshots/nfl/players/full/4429795.png,detroit_lions,RB,Jahmyr,Gibbs,True,9
141,https://a.espncdn.com/i/headshots/nfl/players/full/4427728.png,detroit_lions,RB,Zonovan,Knight,False,9
142,https://a.espncdn.com/i/headshots/nfl/players/full/4035538.png,detroit_lions,RB,David,Montgomery,False,9
143,https://a.espncdn.com/i/headshots/nfl/players/full/4421446.png,detroit_lions,RB,Craig,Reynolds,False,9
144,https://a.espncdn.com/i/headshots/nfl/players/full/15072.png,detroit_lions,WR,Marvin,Jones Jr.,False,9
145,https://a.espncdn.com/i/headshots/nfl/players/full/2973405.png,detroit_lions,WR,Kalif,Raymond,False,9
146,https://a.espncdn.com/i/headshots/nfl/players/full/3115306.png,detroit_lions,WR,Josh,Reynolds,False,9
147,https://a.espncdn.com/i/headshots/nfl/players/full/4374302.png,detroit_lions,WR,Amon-Ra,St. Brown,False,9
148,https://a.espncdn.com/i/headshots/nfl/players/full/4426388.png,detroit_lions,WR,Jameson,Williams,False,9
149,https://a.espncdn.com/i/headshots/nfl/players/full/4430027.png,detroit_lions,TE,Sam,LaPorta,True,9
150,https://a.espncdn.com/i/headshots/nfl/players/full/4242392.png,detroit_lions,TE,Brock,Wright,False,9
151,https://a.espncdn.com/i/headshots/nfl/players/full/4036378.png,green_bay_packers,QB,Jordan,Love,False,6
152,https://a.espncdn.com/i/headshots/nfl/players/full/4239934.png,green_bay_packers,RB,AJ,Dillon,False,6
153,https://a.espncdn.com/i/headshots/nfl/players/full/3042519.png,green_bay_packers,RB,Aaron,Jones,False,6
154,https://a.espncdn.com/i/headshots/nfl/players/full/4887558.png,green_bay_packers,RB,Emanuel,Wilson,False,6
155,https://a.espncdn.com/i/headshots/nfl/players/full/4361432.png,green_bay_packers,WR,Romeo,Doubs,False,6
156,https://a.espncdn.com/i/headshots/nfl/players/full/4362249.png,green_bay_packers,WR,Jayden,Reed,True,6
157,https://a.espncdn.com/i/headshots/nfl/players/full/4027873.png,green_bay_packers,WR,Samori,Toure,False,6
158,https://a.espncdn.com/i/headshots/nfl/players/full/4248528.png,green_bay_packers,WR,Christian,Watson,False,6
159,https://a.espncdn.com/i/headshots/nfl/players/full/4428850.png,green_bay_packers,WR,Dontayvion,Wicks,True,6
160,https://a.espncdn.com/i/headshots/nfl/players/full/4572680.png,green_bay_packers,TE,Tucker,Kraft,True,6
161,https://a.espncdn.com/i/headshots/nfl/players/full/4428085.png,green_bay_packers,TE,Luke,Musgrave,True,6
162,https://a.espncdn.com/i/headshots/nfl/players/full/4432577.png,houston_texans,QB,C.J.,Stroud,True,7
163,https://a.espncdn.com/i/headshots/nfl/players/full/3139033.png,houston_texans,RB,Mike,Boone,False,7
164,https://a.espncdn.com/i/headshots/nfl/players/full/4360238.png,houston_texans,RB,Dameon,Pierce,False,7
165,https://a.espncdn.com/i/headshots/nfl/players/full/4040761.png,houston_texans,RB,Devin,Singletary,False,7
166,https://a.espncdn.com/i/headshots/nfl/players/full/3121409.png,houston_texans,WR,Noah,Brown,False,7
167,https://a.espncdn.com/i/headshots/nfl/players/full/4258173.png,houston_texans,WR,Nico,Collins,False,7
168,https://a.espncdn.com/i/headshots/nfl/players/full/4366031.png,houston_texans,WR,Tank,Dell,True,7
169,https://a.espncdn.com/i/headshots/nfl/players/full/4686422.png,houston_texans,WR,Xavier,Hutchinson,True,7
170,https://a.espncdn.com/i/headshots/nfl/players/full/4567096.png,houston_texans,WR,John,Metchie III,False,7
171,https://a.espncdn.com/i/headshots/nfl/players/full/15880.png,houston_texans,WR,Robert,Woods,False,7
172,https://a.espncdn.com/i/headshots/nfl/players/full/4362504.png,houston_texans,TE,Brevin,Jordan,False,7
173,https://a.espncdn.com/i/headshots/nfl/players/full/3117256.png,houston_texans,TE,Dalton,Schultz,False,7
174,https://a.espncdn.com/i/headshots/nfl/players/full/4038524.png,indianapolis_colts,QB,Gardner,Minshew,False,11
175,https://a.espncdn.com/i/headshots/nfl/players/full/4429084.png,indianapolis_colts,QB,Anthony,Richardson,True,11
176,https://a.espncdn.com/i/headshots/nfl/players/full/4569609.png,indianapolis_colts,RB,Evan,Hull,False,11
177,https://a.espncdn.com/i/headshots/nfl/players/full/4035676.png,indianapolis_colts,RB,Zack,Moss,False,11
178,https://a.espncdn.com/i/headshots/nfl/players/full/4242335.png,indianapolis_colts,RB,Jonathan,Taylor,False,11
179,https://a.espncdn.com/i/headshots/nfl/players/full/4688813.png,indianapolis_colts,WR,Josh,Downs,True,11
180,https://a.espncdn.com/i/headshots/nfl/players/full/3128724.png,indianapolis_colts,WR,Isaiah,McKenzie,False,11
181,https://a.espncdn.com/i/headshots/nfl/players/full/4360078.png,indianapolis_colts,WR,Alec,Pierce,False,11
182,https://a.espncdn.com/i/headshots/nfl/players/full/4035687.png,indianapolis_colts,WR,Michael,Pittman Jr.,False,11
183,https://a.espncdn.com/i/headshots/nfl/players/full/2998565.png,indianapolis_colts,TE,Mo,Alie-Cox,False,11
184,https://a.espncdn.com/i/headshots/nfl/players/full/4039160.png,indianapolis_colts,TE,Kylen,Granson,False,11
185,https://a.espncdn.com/i/headshots/nfl/players/full/4241410.png,indianapolis_colts,TE,Jelani,Woods,False,11
186,https://a.espncdn.com/i/headshots/nfl/players/full/4360310.png,jacksonville_jaguars,QB,Trevor,Lawrence,False,9
187,https://a.espncdn.com/i/headshots/nfl/players/full/4429013.png,jacksonville_jaguars,RB,Tank,Bigsby,True,9
188,https://a.espncdn.com/i/headshots/nfl/players/full/4239996.png,jacksonville_jaguars,RB,Travis,Etienne Jr.,False,9
189,https://a.espncdn.com/i/headshots/nfl/players/full/3928925.png,jacksonville_jaguars,RB,JaMycal,Hasty,False,9
190,https://a.espncdn.com/i/headshots/nfl/players/full/3139602.png,jacksonville_jaguars,RB,D'Ernest,Johnson,False,9
191,https://a.espncdn.com/i/headshots/nfl/players/full/3061612.png,jacksonville_jaguars,WR,Jamal,Agnew,False,9
192,https://a.espncdn.com/i/headshots/nfl/players/full/3059722.png,jacksonville_jaguars,WR,Zay,Jones,False,9
193,https://a.espncdn.com/i/headshots/nfl/players/full/3895856.png,jacksonville_jaguars,WR,Christian,Kirk,False,9
194,https://a.espncdn.com/i/headshots/nfl/players/full/3925357.png,jacksonville_jaguars,WR,Calvin,Ridley,False,9
195,https://a.espncdn.com/i/headshots/nfl/players/full/4432620.png,jacksonville_jaguars,WR,Parker,Washington,True,9
196,https://a.espncdn.com/i/headshots/nfl/players/full/3051876.png,jacksonville_jaguars,TE,Evan,Engram,False,9
197,https://a.espncdn.com/i/headshots/nfl/players/full/3139477.png,kansas_city_chiefs,QB,Patrick,Mahomes,False,10
198,https://a.espncdn.com/i/headshots/nfl/players/full/4242214.png,kansas_city_chiefs,RB,Clyde,Edwards-Helaire,False,10
199,https://a.espncdn.com/i/headshots/nfl/players/full/16782.png,kansas_city_chiefs,RB,Jerick,McKinnon,False,10
200,https://a.espncdn.com/i/headshots/nfl/players/full/4361529.png,kansas_city_chiefs,RB,Isiah,Pacheco,False,10
201,https://a.espncdn.com/i/headshots/nfl/players/full/4372526.png,kansas_city_chiefs,RB,Deneric,Prince,True,10
202,https://a.espncdn.com/i/headshots/nfl/players/full/3122899.png,kansas_city_chiefs,WR,Richie,James,False,10
203,https://a.espncdn.com/i/headshots/nfl/players/full/4430191.png,kansas_city_chiefs,WR,Skyy,Moore,False,10
204,https://a.espncdn.com/i/headshots/nfl/players/full/4428331.png,kansas_city_chiefs,WR,Rashee,Rice,True,10
205,https://a.espncdn.com/i/headshots/nfl/players/full/4360306.png,kansas_city_chiefs,WR,Justyn,Ross,False,10
206,https://a.espncdn.com/i/headshots/nfl/players/full/4240600.png,kansas_city_chiefs,WR,Kadarius,Toney,False,10
207,https://a.espncdn.com/i/headshots/nfl/players/full/3051738.png,kansas_city_chiefs,WR,Marquez,Valdes-Scantling,False,10
208,https://a.espncdn.com/i/headshots/nfl/players/full/3118892.png,kansas_city_chiefs,WR,Justin,Watson,False,10
209,https://a.espncdn.com/i/headshots/nfl/players/full/4240472.png,kansas_city_chiefs,TE,Noah,Gray,False,10
210,https://a.espncdn.com/i/headshots/nfl/players/full/15847.png,kansas_city_chiefs,TE,Travis,Kelce,False,10
211,https://a.espncdn.com/i/headshots/nfl/players/full/16760.png,las_vegas_raiders,QB,Jimmy,Garoppolo,False,13
212,https://a.espncdn.com/i/headshots/nfl/players/full/4260394.png,las_vegas_raiders,QB,Aidan,O'Connell,True,13
213,https://a.espncdn.com/i/headshots/nfl/players/full/2576336.png,las_vegas_raiders,RB,Ameer,Abdullah,False,13
214,https://a.espncdn.com/i/headshots/nfl/players/full/15478.png,las_vegas_raiders,RB,Brandon,Bolden,False,13
215,https://a.espncdn.com/i/headshots/nfl/players/full/4047365.png,las_vegas_raiders,RB,Josh,Jacobs,False,13
216,https://a.espncdn.com/i/headshots/nfl/players/full/4361777.png,las_vegas_raiders,RB,Zamir,White,False,13
217,https://a.espncdn.com/i/headshots/nfl/players/full/16800.png,las_vegas_raiders,WR,Davante,Adams,False,13
218,https://a.espncdn.com/i/headshots/nfl/players/full/4035170.png,las_vegas_raiders,WR,Marquez,Callaway,False,13
219,https://a.espncdn.com/i/headshots/nfl/players/full/2580216.png,las_vegas_raiders,WR,DeAndre,Carter,False,13
220,https://a.espncdn.com/i/headshots/nfl/players/full/3916433.png,las_vegas_raiders,WR,Jakobi,Meyers,False,13
221,https://a.espncdn.com/i/headshots/nfl/players/full/3135321.png,las_vegas_raiders,WR,Hunter,Renfrow,False,13
222,https://a.espncdn.com/i/headshots/nfl/players/full/3043275.png,las_vegas_raiders,TE,Austin,Hooper,False,13
223,https://a.espncdn.com/i/headshots/nfl/players/full/4429086.png,las_vegas_raiders,TE,Michael,Mayer,True,13
224,https://a.espncdn.com/i/headshots/nfl/players/full/4038941.png,los_angeles_chargers,QB,Justin,Herbert,False,5
225,https://a.espncdn.com/i/headshots/nfl/players/full/4248909.png,los_angeles_chargers,RB,Elijah,Dotson,False,5
226,https://a.espncdn.com/i/headshots/nfl/players/full/3068267.png,los_angeles_chargers,RB,Austin,Ekeler,False,5
227,https://a.espncdn.com/i/headshots/nfl/players/full/3910544.png,los_angeles_chargers,RB,Joshua,Kelley,False,5
228,https://a.espncdn.com/i/headshots/nfl/players/full/4426891.png,los_angeles_chargers,RB,Isaiah,Spiller,False,5
229,https://a.espncdn.com/i/headshots/nfl/players/full/15818.png,los_angeles_chargers,WR,Keenan,Allen,False,5
230,https://a.espncdn.com/i/headshots/nfl/players/full/4429025.png,los_angeles_chargers,WR,Quentin,Johnston,True,5
231,https://a.espncdn.com/i/headshots/nfl/players/full/4242433.png,los_angeles_chargers,WR,Joshua,Palmer,False,5
232,https://a.espncdn.com/i/headshots/nfl/players/full/3045138.png,los_angeles_chargers,WR,Mike,Williams,False,5
233,https://a.espncdn.com/i/headshots/nfl/players/full/3918639.png,los_angeles_chargers,TE,Gerald,Everett,False,5
234,https://a.espncdn.com/i/headshots/nfl/players/full/3912092.png,los_angeles_chargers,TE,Donald,Parham Jr.,False,5
235,https://a.espncdn.com/i/headshots/nfl/players/full/12483.png,los_angeles_rams,QB,Matthew,Stafford,False,10
236,https://a.espncdn.com/i/headshots/nfl/players/full/4685035.png,los_angeles_rams,RB,Zach,Evans,True,10
237,https://a.espncdn.com/i/headshots/nfl/players/full/4243003.png,los_angeles_rams,RB,Ronnie,Rivers,False,10
238,https://a.espncdn.com/i/headshots/nfl/players/full/4430737.png,los_angeles_rams,RB,Kyren,Williams,False,10
239,https://a.espncdn.com/i/headshots/nfl/players/full/4360797.png,los_angeles_rams,WR,Tutu,Atwell,False,10
240,https://a.espncdn.com/i/headshots/nfl/players/full/3930066.png,los_angeles_rams,WR,Van,Jefferson,False,10
241,https://a.espncdn.com/i/headshots/nfl/players/full/2977187.png,los_angeles_rams,WR,Cooper,Kupp,False,10
242,https://a.espncdn.com/i/headshots/nfl/players/full/4426515.png,los_angeles_rams,WR,Puka,Nacua,True,10
243,https://a.espncdn.com/i/headshots/nfl/players/full/3043116.png,los_angeles_rams,WR,Demarcus,Robinson,False,10
244,https://a.espncdn.com/i/headshots/nfl/players/full/4035656.png,los_angeles_rams,WR,Ben,Skowronek,False,10
245,https://a.espncdn.com/i/headshots/nfl/players/full/2573401.png,los_angeles_rams,TE,Tyler,Higbee,False,10
246,https://a.espncdn.com/i/headshots/nfl/players/full/4241479.png,miami_dolphins,QB,Tua,Tagovailoa,False,10
247,https://a.espncdn.com/i/headshots/nfl/players/full/3051381.png,miami_dolphins,QB,Mike,White,False,10
248,https://a.espncdn.com/i/headshots/nfl/players/full/4429160.png,miami_dolphins,RB,De'Von,Achane,True,10
249,https://a.espncdn.com/i/headshots/nfl/players/full/4243315.png,miami_dolphins,RB,Salvon,Ahmed,False,10
250,https://a.espncdn.com/i/headshots/nfl/players/full/3149687.png,miami_dolphins,RB,Chris,Brooks,False,10
251,https://a.espncdn.com/i/headshots/nfl/players/full/2576414.png,miami_dolphins,RB,Raheem,Mostert,False,10
252,https://a.espncdn.com/i/headshots/nfl/players/full/3122976.png,miami_dolphins,RB,Jeff,Wilson Jr.,False,10
253,https://a.espncdn.com/i/headshots/nfl/players/full/3123075.png,miami_dolphins,WR,Braxton,Berrios,False,10
254,https://a.espncdn.com/i/headshots/nfl/players/full/2574808.png,miami_dolphins,WR,Robbie,Chosen,False,10
255,https://a.espncdn.com/i/headshots/nfl/players/full/3116406.png,miami_dolphins,WR,Tyreek,Hill,False,10
256,https://a.espncdn.com/i/headshots/nfl/players/full/4372016.png,miami_dolphins,WR,Jaylen,Waddle,False,10
257,https://a.espncdn.com/i/headshots/nfl/players/full/4036335.png,miami_dolphins,WR,Cedrick,Wilson Jr.,False,10
258,https://a.espncdn.com/i/headshots/nfl/players/full/3052897.png,miami_dolphins,TE,Durham,Smythe,False,10
259,https://a.espncdn.com/i/headshots/nfl/players/full/14880.png,minnesota_vikings,QB,Kirk,Cousins,False,13
260,https://a.espncdn.com/i/headshots/nfl/players/full/4240021.png,minnesota_vikings,RB,Cam,Akers,False,13
261,https://a.espncdn.com/i/headshots/nfl/players/full/4242431.png,minnesota_vikings,RB,Ty,Chandler,False,13
262,https://a.espncdn.com/i/headshots/nfl/players/full/3886818.png,minnesota_vikings,RB,Myles,Gaskin,False,13
263,https://a.espncdn.com/i/headshots/nfl/players/full/4048244.png,minnesota_vikings,RB,Alexander,Mattison,False,13
264,https://a.espncdn.com/i/headshots/nfl/players/full/4430388.png,minnesota_vikings,RB,DeWayne,McBride,True,13
265,https://a.espncdn.com/i/headshots/nfl/players/full/4035537.png,minnesota_vikings,RB,Kene,Nwangwu,False,13
266,https://a.espncdn.com/i/headshots/nfl/players/full/4429205.png,minnesota_vikings,WR,Jordan,Addison,True,13
267,https://a.espncdn.com/i/headshots/nfl/players/full/4262921.png,minnesota_vikings,WR,Justin,Jefferson,False,13
268,https://a.espncdn.com/i/headshots/nfl/players/full/4382466.png,minnesota_vikings,WR,Jalen,Nailor,False,13
269,https://a.espncdn.com/i/headshots/nfl/players/full/3916566.png,minnesota_vikings,WR,K.J.,Osborn,False,13
270,https://a.espncdn.com/i/headshots/nfl/players/full/4036133.png,minnesota_vikings,TE,T.J.,Hockenson,False,13
271,https://a.espncdn.com/i/headshots/nfl/players/full/3921690.png,minnesota_vikings,TE,Josh,Oliver,False,13
272,https://a.espncdn.com/i/headshots/nfl/players/full/4241464.png,new_england_patriots,QB,Mac,Jones,False,11
273,https://a.espncdn.com/i/headshots/nfl/players/full/4250360.png,new_england_patriots,QB,Bailey,Zappe,False,11
274,https://a.espncdn.com/i/headshots/nfl/players/full/3051392.png,new_england_patriots,RB,Ezekiel,Elliott,False,11
275,https://a.espncdn.com/i/headshots/nfl/players/full/4570674.png,new_england_patriots,RB,Kevin,Harris,False,11
276,https://a.espncdn.com/i/headshots/nfl/players/full/4569173.png,new_england_patriots,RB,Rhamondre,Stevenson,False,11
277,https://a.espncdn.com/i/headshots/nfl/players/full/3045523.png,new_england_patriots,WR,Kendrick,Bourne,False,11
278,https://a.espncdn.com/i/headshots/nfl/players/full/4429022.png,new_england_patriots,WR,Kayshon,Boutte,True,11
279,https://a.espncdn.com/i/headshots/nfl/players/full/4427095.png,new_england_patriots,WR,Demario,Douglas,True,11
280,https://a.espncdn.com/i/headshots/nfl/players/full/2577134.png,new_england_patriots,WR,Ty,Montgomery II,False,11
281,https://a.espncdn.com/i/headshots/nfl/players/full/2576623.png,new_england_patriots,WR,DeVante,Parker,False,11
282,https://a.espncdn.com/i/headshots/nfl/players/full/3120348.png,new_england_patriots,WR,JuJu,Smith-Schuster,False,11
283,https://a.espncdn.com/i/headshots/nfl/players/full/4362921.png,new_england_patriots,WR,Tyquan,Thornton,False,11
284,https://a.espncdn.com/i/headshots/nfl/players/full/3116164.png,new_england_patriots,TE,Mike,Gesicki,False,11
285,https://a.espncdn.com/i/headshots/nfl/players/full/3046439.png,new_england_patriots,TE,Hunter,Henry,False,11
286,https://a.espncdn.com/i/headshots/nfl/players/full/16757.png,new_orleans_saints,QB,Derek,Carr,False,11
287,https://a.espncdn.com/i/headshots/nfl/players/full/2969939.png,new_orleans_saints,QB,Jameis,Winston,False,11
288,https://a.espncdn.com/i/headshots/nfl/players/full/3054850.png,new_orleans_saints,RB,Alvin,Kamara,False,11
289,https://a.espncdn.com/i/headshots/nfl/players/full/4599739.png,new_orleans_saints,RB,Kendre,Miller,True,11
290,https://a.espncdn.com/i/headshots/nfl/players/full/2980453.png,new_orleans_saints,RB,Jamaal,Williams,False,11
291,https://a.espncdn.com/i/headshots/nfl/players/full/4361370.png,new_orleans_saints,WR,Chris,Olave,False,11
292,https://a.espncdn.com/i/headshots/nfl/players/full/4362019.png,new_orleans_saints,WR,A.T.,Perry,True,11
293,https://a.espncdn.com/i/headshots/nfl/players/full/4032473.png,new_orleans_saints,WR,Rashid,Shaheed,False,11
294,https://a.espncdn.com/i/headshots/nfl/players/full/2976316.png,new_orleans_saints,WR,Michael,Thomas,False,11
295,https://a.espncdn.com/i/headshots/nfl/players/full/3929645.png,new_orleans_saints,TE,Juwan,Johnson,False,11
296,https://a.espncdn.com/i/headshots/nfl/players/full/3843945.png,new_orleans_saints,TE,Foster,Moreau,False,11
297,https://a.espncdn.com/i/headshots/nfl/players/full/3917792.png,new_york_giants,QB,Daniel,Jones,False,13
298,https://a.espncdn.com/i/headshots/nfl/players/full/3929630.png,new_york_giants,RB,Saquon,Barkley,False,13
299,https://a.espncdn.com/i/headshots/nfl/players/full/3049916.png,new_york_giants,RB,Matt,Breida,False,13
300,https://a.espncdn.com/i/headshots/nfl/players/full/4245645.png,new_york_giants,RB,Gary,Brightwell,False,13
301,https://a.espncdn.com/i/headshots/nfl/players/full/4570561.png,new_york_giants,RB,Eric,Gray,True,13
302,https://a.espncdn.com/i/headshots/nfl/players/full/3121410.png,new_york_giants,WR,Parris,Campbell,False,13
303,https://a.espncdn.com/i/headshots/nfl/players/full/4242540.png,new_york_giants,WR,Isaiah,Hodgins,False,13
304,https://a.espncdn.com/i/headshots/nfl/players/full/4692590.png,new_york_giants,WR,Jalin,Hyatt,True,13
305,https://a.espncdn.com/i/headshots/nfl/players/full/4569587.png,new_york_giants,WR,Wan'Dale,Robinson,False,13
306,https://a.espncdn.com/i/headshots/nfl/players/full/2976592.png,new_york_giants,WR,Sterling,Shepard,False,13
307,https://a.espncdn.com/i/headshots/nfl/players/full/3916945.png,new_york_giants,WR,Darius,Slayton,False,13
308,https://a.espncdn.com/i/headshots/nfl/players/full/4361516.png,new_york_giants,TE,Daniel,Bellinger,False,13
309,https://a.espncdn.com/i/headshots/nfl/players/full/2576925.png,new_york_giants,TE,Darren,Waller,False,13
310,https://a.espncdn.com/i/headshots/nfl/players/full/8439.png,new_york_jets,QB,Aaron,Rodgers,False,7
311,https://a.espncdn.com/i/headshots/nfl/players/full/4429202.png,new_york_jets,RB,Israel,Abanikanda,True,7
312,https://a.espncdn.com/i/headshots/nfl/players/full/4240657.png,new_york_jets,RB,Michael,Carter,False,7
313,https://a.espncdn.com/i/headshots/nfl/players/full/3116593.png,new_york_jets,RB,Dalvin,Cook,False,7
314,https://a.espncdn.com/i/headshots/nfl/players/full/4427366.png,new_york_jets,RB,Breece,Hall,False,7
315,https://a.espncdn.com/i/headshots/nfl/players/full/14053.png,new_york_jets,WR,Randall,Cobb,False,7
316,https://a.espncdn.com/i/headshots/nfl/players/full/4035004.png,new_york_jets,WR,Mecole,Hardman Jr.,False,7
317,https://a.espncdn.com/i/headshots/nfl/players/full/3128390.png,new_york_jets,WR,Allen,Lazard,False,7
318,https://a.espncdn.com/i/headshots/nfl/players/full/4569618.png,new_york_jets,WR,Garrett,Wilson,False,7
319,https://a.espncdn.com/i/headshots/nfl/players/full/3915486.png,new_york_jets,TE,Tyler,Conklin,False,7
320,https://a.espncdn.com/i/headshots/nfl/players/full/4361372.png,new_york_jets,TE,Jeremy,Ruckert,False,7
321,https://a.espncdn.com/i/headshots/nfl/players/full/2574576.png,new_york_jets,TE,C.J.,Uzomah,False,7
322,https://a.espncdn.com/i/headshots/nfl/players/full/4040715.png,philadelphia_eagles,QB,Jalen,Hurts,False,10
323,https://a.espncdn.com/i/headshots/nfl/players/full/4371733.png,philadelphia_eagles,RB,Kenneth,Gainwell,False,10
324,https://a.espncdn.com/i/headshots/nfl/players/full/3139925.png,philadelphia_eagles,RB,Rashaad,Penny,False,10
325,https://a.espncdn.com/i/headshots/nfl/players/full/3051439.png,philadelphia_eagles,RB,Boston,Scott,False,10
326,https://a.espncdn.com/i/headshots/nfl/players/full/4259545.png,philadelphia_eagles,RB,D'Andre,Swift,False,10
327,https://a.espncdn.com/i/headshots/nfl/players/full/4047646.png,philadelphia_eagles,WR,A.J.,Brown,False,10
328,https://a.espncdn.com/i/headshots/nfl/players/full/4241478.png,philadelphia_eagles,WR,DeVonta,Smith,False,10
329,https://a.espncdn.com/i/headshots/nfl/players/full/4050373.png,philadelphia_eagles,WR,Quez,Watkins,False,10
330,https://a.espncdn.com/i/headshots/nfl/players/full/3917914.png,philadelphia_eagles,WR,Olamide,Zaccheaus,False,10
331,https://a.espncdn.com/i/headshots/nfl/players/full/3121023.png,philadelphia_eagles,TE,Dallas,Goedert,False,10
332,https://a.espncdn.com/i/headshots/nfl/players/full/4035115.png,philadelphia_eagles,TE,Albert,Okwuegbunam,False,10
333,https://a.espncdn.com/i/headshots/nfl/players/full/4240703.png,pittsburgh_steelers,QB,Kenny,Pickett,False,6
334,https://a.espncdn.com/i/headshots/nfl/players/full/4241457.png,pittsburgh_steelers,RB,Najee,Harris,False,6
335,https://a.espncdn.com/i/headshots/nfl/players/full/4241941.png,pittsburgh_steelers,RB,Anthony,McFarland Jr.,False,6
336,https://a.espncdn.com/i/headshots/nfl/players/full/4569987.png,pittsburgh_steelers,RB,Jaylen,Warren,False,6
337,https://a.espncdn.com/i/headshots/nfl/players/full/4243389.png,pittsburgh_steelers,WR,Calvin,Austin III,False,6
338,https://a.espncdn.com/i/headshots/nfl/players/full/3932905.png,pittsburgh_steelers,WR,Diontae,Johnson,False,6
339,https://a.espncdn.com/i/headshots/nfl/players/full/4426354.png,pittsburgh_steelers,WR,George,Pickens,False,6
340,https://a.espncdn.com/i/headshots/nfl/players/full/16799.png,pittsburgh_steelers,WR,Allen,Robinson II,False,6
341,https://a.espncdn.com/i/headshots/nfl/players/full/4361411.png,pittsburgh_steelers,TE,Pat,Freiermuth,False,6
342,https://a.espncdn.com/i/headshots/nfl/players/full/4430802.png,pittsburgh_steelers,TE,Darnell,Washington,True,6
343,https://a.espncdn.com/i/headshots/nfl/players/full/3912547.png,san_francisco_49ers,QB,Sam,Darnold,False,9
344,https://a.espncdn.com/i/headshots/nfl/players/full/4361741.png,san_francisco_49ers,QB,Brock,Purdy,False,9
345,https://a.espncdn.com/i/headshots/nfl/players/full/16002.png,san_francisco_49ers,RB,Kyle,Juszczyk,False,9
346,https://a.espncdn.com/i/headshots/nfl/players/full/4426475.png,san_francisco_49ers,RB,Tyrion,Davis-Price,False,9
347,https://a.espncdn.com/i/headshots/nfl/players/full/4360569.png,san_francisco_49ers,RB,Jordan,Mason,False,9
348,https://a.espncdn.com/i/headshots/nfl/players/full/3117251.png,san_francisco_49ers,RB,Christian,McCaffrey,False,9
349,https://a.espncdn.com/i/headshots/nfl/players/full/4241555.png,san_francisco_49ers,RB,Elijah,Mitchell,False,9
350,https://a.espncdn.com/i/headshots/nfl/players/full/4360438.png,san_francisco_49ers,WR,Brandon,Aiyuk,False,9
351,https://a.espncdn.com/i/headshots/nfl/players/full/3886598.png,san_francisco_49ers,WR,Jauan,Jennings,False,9
352,https://a.espncdn.com/i/headshots/nfl/players/full/3126486.png,san_francisco_49ers,WR,Deebo,Samuel,False,9
353,https://a.espncdn.com/i/headshots/nfl/players/full/3040151.png,san_francisco_49ers,TE,George,Kittle,False,9
354,https://a.espncdn.com/i/headshots/nfl/players/full/15864.png,seattle_seahawks,QB,Geno,Smith,False,5
355,https://a.espncdn.com/i/headshots/nfl/players/full/4426385.png,seattle_seahawks,RB,Zach,Charbonnet,True,5
356,https://a.espncdn.com/i/headshots/nfl/players/full/4240631.png,seattle_seahawks,RB,DeeJay,Dallas,False,5
357,https://a.espncdn.com/i/headshots/nfl/players/full/4427391.png,seattle_seahawks,RB,Kenny,McIntosh,True,5
358,https://a.espncdn.com/i/headshots/nfl/players/full/4567048.png,seattle_seahawks,RB,Kenneth,Walker III,False,5
359,https://a.espncdn.com/i/headshots/nfl/players/full/2577327.png,seattle_seahawks,WR,Tyler,Lockett,False,5
360,https://a.espncdn.com/i/headshots/nfl/players/full/4047650.png,seattle_seahawks,WR,DK,Metcalf,False,5
361,https://a.espncdn.com/i/headshots/nfl/players/full/4430878.png,seattle_seahawks,WR,Jaxon,Smith-Njigba,True,5
362,https://a.espncdn.com/i/headshots/nfl/players/full/3127292.png,seattle_seahawks,TE,Will,Dissly,False,5
363,https://a.espncdn.com/i/headshots/nfl/players/full/4036131.png,seattle_seahawks,TE,Noah,Fant,False,5
364,https://a.espncdn.com/i/headshots/nfl/players/full/4242557.png,seattle_seahawks,TE,Colby,Parkinson,False,5
365,https://a.espncdn.com/i/headshots/nfl/players/full/3052587.png,tampa_bay_buccaneers,QB,Baker,Mayfield,False,5
366,https://a.espncdn.com/i/headshots/nfl/players/full/4034946.png,tampa_bay_buccaneers,QB,Kyle,Trask,False,5
367,https://a.espncdn.com/i/headshots/nfl/players/full/3119195.png,tampa_bay_buccaneers,RB,Chase,Edmonds,False,5
368,https://a.espncdn.com/i/headshots/nfl/players/full/4430871.png,tampa_bay_buccaneers,RB,Sean,Tucker,True,5
369,https://a.espncdn.com/i/headshots/nfl/players/full/3917612.png,tampa_bay_buccaneers,RB,Ke'Shawn,Vaughn,False,5
370,https://a.espncdn.com/i/headshots/nfl/players/full/4697815.png,tampa_bay_buccaneers,RB,Rachaad,White,False,5
371,https://a.espncdn.com/i/headshots/nfl/players/full/16737.png,tampa_bay_buccaneers,WR,Mike,Evans,False,5
372,https://a.espncdn.com/i/headshots/nfl/players/full/3116165.png,tampa_bay_buccaneers,WR,Chris,Godwin,False,5
373,https://a.espncdn.com/i/headshots/nfl/players/full/4426407.png,tampa_bay_buccaneers,WR,Trey,Palmer,True,5
374,https://a.espncdn.com/i/headshots/nfl/players/full/4374187.png,tampa_bay_buccaneers,WR,Deven,Thompkins,False,5
375,https://a.espncdn.com/i/headshots/nfl/players/full/4243331.png,tampa_bay_buccaneers,TE,Cade,Otton,False,5
376,https://a.espncdn.com/i/headshots/nfl/players/full/4361418.png,tennessee_titans,QB,Will,Levis,True,7
377,https://a.espncdn.com/i/headshots/nfl/players/full/14876.png,tennessee_titans,QB,Ryan,Tannehill,False,7
378,https://a.espncdn.com/i/headshots/nfl/players/full/4242512.png,tennessee_titans,QB,Malik,Willis,False,7
379,https://a.espncdn.com/i/headshots/nfl/players/full/4367567.png,tennessee_titans,RB,Julius,Chestnut,False,7
380,https://a.espncdn.com/i/headshots/nfl/players/full/3043078.png,tennessee_titans,RB,Derrick,Henry,False,7
381,https://a.espncdn.com/i/headshots/nfl/players/full/4428557.png,tennessee_titans,RB,Tyjae,Spears,True,7
382,https://a.espncdn.com/i/headshots/nfl/players/full/4567156.png,tennessee_titans,WR,Treylon,Burks,False,7
383,https://a.espncdn.com/i/headshots/nfl/players/full/15795.png,tennessee_titans,WR,DeAndre,Hopkins,False,7
384,https://a.espncdn.com/i/headshots/nfl/players/full/2576581.png,tennessee_titans,WR,Chris,Moore,False,7
385,https://a.espncdn.com/i/headshots/nfl/players/full/4367175.png,tennessee_titans,WR,Kyle,Philips,False,7
386,https://a.espncdn.com/i/headshots/nfl/players/full/3929785.png,tennessee_titans,WR,Nick,Westbrook-Ikhine,False,7
387,https://a.espncdn.com/i/headshots/nfl/players/full/4360635.png,tennessee_titans,TE,Chigoziem,Okonkwo,False,7
388,https://a.espncdn.com/i/headshots/nfl/players/full/2578570.png,washington_commanders,QB,Jacoby,Brissett,False,14
389,https://a.espncdn.com/i/headshots/nfl/players/full/4426875.png,washington_commanders,QB,Sam,Howell,False,14
390,https://a.espncdn.com/i/headshots/nfl/players/full/4360294.png,washington_commanders,RB,Antonio,Gibson,False,14
391,https://a.espncdn.com/i/headshots/nfl/players/full/4241474.png,washington_commanders,RB,Brian,Robinson Jr.,False,14
392,https://a.espncdn.com/i/headshots/nfl/players/full/4362619.png,washington_commanders,RB,Chris,Rodriguez Jr.,True,14
393,https://a.espncdn.com/i/headshots/nfl/players/full/4361577.png,washington_commanders,WR,Dyami,Brown,False,14
394,https://a.espncdn.com/i/headshots/nfl/players/full/2576716.png,washington_commanders,WR,Jamison,Crowder,False,14
395,https://a.espncdn.com/i/headshots/nfl/players/full/4361409.png,washington_commanders,WR,Jahan,Dotson,False,14
396,https://a.espncdn.com/i/headshots/nfl/players/full/3121422.png,washington_commanders,WR,Terry,McLaurin,False,14
397,https://a.espncdn.com/i/headshots/nfl/players/full/3121427.png,washington_commanders,WR,Curtis,Samuel,False,14
398,https://a.espncdn.com/i/headshots/nfl/players/full/16813.png,washington_commanders,TE,Logan,Thomas,False,14
399,https://a.espncdn.com/i/headshots/nfl/players/full/4361438.png,washington_commanders,TE,Cole,Turner,False,14
400,,fa,QB, ,blank_label,False,-
401,,fa,QB, ,blank_label,False,-
402,,fa,QB, ,blank_label,False,-
403,,fa,QB, ,blank_label,False,-
404,,fa,QB, ,blank_label,False,-
405,,fa,RB, ,blank_label,False,-
406,,fa,RB, ,blank_label,False,-
407,,fa,RB, ,blank_label,False,-
408,,fa,RB, ,blank_label,False,-
409,,fa,RB, ,blank_label,False,-
410,,fa,WR, ,blank_label,False,-
411,,fa,WR, ,blank_label,False,-
412,,fa,WR, ,blank_label,False,-
413,,fa,WR, ,blank_label,False,-
414,,fa,WR, ,blank_label,False,-
415,,fa,TE, ,blank_label,False,-
416,,fa,TE, ,blank_label,False,-
417,,fa,TE, ,blank_label,False,-
418,,fa,TE, ,blank_label,False,-
419,,fa,TE, ,blank_label,False,-
420, ,san_francisco_49ers,DST,San Francisco,49ers,False,9
421, ,dallas_cowboys,DST,Dallas,Cowboys,False,7
422, ,philadelphia_eagles,DST,Philadelphia,Eagles,False,10
423, ,buffalo_bills,DST,Buffalo,Bills,False,13
424, ,new_york_jets,DST,New York,Jets,False,7
425, ,new_england_patriots,DST,New England,Patriots,False,11
426, ,baltimore_ravens,DST,Baltimore,Ravens,False,13
427, ,denver_broncos,DST,Denver,Broncos,False,9
428, ,new_orleans_saints,DST,New Orleans,Saints,False,11
429, ,pittsburgh_steelers,DST,Pittsburgh,Steelers,False,6
430, ,kansas_city_chiefs,DST,Kansas City,Chiefs,False,10
431, ,miami_dolphins,DST,Miami,Dolphins,False,10
432, ,cincinnati_bengals,DST,Cincinnati,Bengals,False,7
433, ,washington_commanders,DST,Washington,Commanders,False,14
434, ,cleveland_browns,DST,Cleveland,Browns,False,5
435, ,green_bay_packers,DST,Green Bay,Packers,False,6
436, ,los_angeles_chargers,DST,Los Angeles,Chargers,False,5
437, ,tampa_bay_buccaneers,DST,Tampa Bay,Buccaneers,False,5
438, ,jacksonville_jaguars,DST,Jacksonville,Jaguars,False,9
439, ,indianapolis_colts,DST,Indianapolis,Colts,False,11
440, ,seattle_seahawks,DST,Seattle,Seahawks,False,5
441, ,carolina_panthers,DST,Carolina,Panthers,False,7
442, ,tennessee_titans,DST,Tennessee,Titans,False,7
443, ,new_york_giants,DST,New York,Giants,False,13
444, ,los_angeles_rams,DST,Los Angeles,Rams,False,10
445, ,detroit_lions,DST,Detroit,Lions,False,9
446, ,minnesota_vikings,DST,Minnesota,Vikings,False,13
447, ,atlanta_falcons,DST,Atlanta,Falcons,False,11
448, ,arizona_cardinals,DST,Arizona,Cardinals,False,14
449, ,houston_texans,DST,Houston,Texans,False,7
450, ,chicago_bears,DST,Chicago,Bears,False,13
451, ,las_vegas_raiders,DST,Las Vegas,Raiders,False,13
