"RK",TIERS,"PLAYER NAME",TEAM,"POS","BYE WEEK","SOS SEASON","ECR VS. ADP"
"1",1,"Christian McCaffrey",SF,"RB1","9","2 out of 5 stars","0"
"2",1,"CeeDee Lamb",DAL,"WR1","7","3 out of 5 stars","0"
"3",1,"Tyreek Hill",MIA,"WR2","6","2 out of 5 stars","0"
"4",1,"Ja'Marr Chase",CIN,"WR3","12","2 out of 5 stars","0"
"5",1,"Justin Jefferson",MIN,"WR4","6","3 out of 5 stars","0"
"6",1,"Bijan Robinson",ATL,"RB2","12","4 out of 5 stars","0"
"7",1,"Amon-Ra St. Brown",DET,"WR5","5","4 out of 5 stars","+1"
"8",1,"Breece Hall",NYJ,"RB3","12","2 out of 5 stars","-1"
"9",2,"A.J. Brown",PHI,"WR6","5","2 out of 5 stars","0"
"10",2,"Garrett Wilson",NYJ,"WR7","12","4 out of 5 stars","+1"
"11",2,"Puka Nacua",LAR,"WR8","6","3 out of 5 stars","-1"
"12",2,"Jonathan Taylor",IND,"RB4","14","2 out of 5 stars","0"
"13",2,"Jahmyr Gibbs",DET,"RB5","5","3 out of 5 stars","0"
"14",2,"Saquon Barkley",PHI,"RB6","5","4 out of 5 stars","0"
"15",3,"Davante Adams",LV,"WR9","10","3 out of 5 stars","0"
"16",3,"Marvin Harrison Jr.",ARI,"WR10","11","3 out of 5 stars","0"
"17",3,"Chris Olave",NO,"WR11","12","3 out of 5 stars","0"
"18",3,"Travis Etienne Jr.",JAC,"RB7","12","2 out of 5 stars","+7"
"19",3,"Brandon Aiyuk",SF,"WR12","9","2 out of 5 stars","+8"
"20",3,"Derrick Henry",BAL,"RB8","14","3 out of 5 stars","+4"
"21",3,"Kyren Williams",LAR,"RB9","6","3 out of 5 stars","-1"
"22",3,"Josh Allen",BUF,"QB1","12","1 out of 5 stars","+1"
"23",3,"Drake London",ATL,"WR13","12","4 out of 5 stars","-5"
"24",3,"Mike Evans",TB,"WR14","11","3 out of 5 stars","+5"
"25",3,"Jalen Hurts",PHI,"QB2","5","2 out of 5 stars","+7"
"26",3,"Deebo Samuel Sr.",SF,"WR15","9","2 out of 5 stars","-4"
"27",3,"Travis Kelce",KC,"TE1","6","3 out of 5 stars","+7"
"28",3,"Nico Collins",HOU,"WR16","14","3 out of 5 stars","-9"
"29",4,"Isiah Pacheco",KC,"RB10","6","3 out of 5 stars","+9"
"30",4,"Jaylen Waddle",MIA,"WR17","6","2 out of 5 stars","-2"
"31",4,"Sam LaPorta",DET,"TE2","5","3 out of 5 stars","-5"
"32",4,"DJ Moore",CHI,"WR18","7","4 out of 5 stars","+1"
"33",4,"De'Von Achane",MIA,"RB11","6","3 out of 5 stars","-12"
"34",4,"DK Metcalf",SEA,"WR19","10","3 out of 5 stars","+1"
"35",4,"Michael Pittman Jr.",IND,"WR20","14","4 out of 5 stars","-5"
"36",4,"Lamar Jackson",BAL,"QB3","14","4 out of 5 stars","+5"
"37",4,"Patrick Mahomes II",KC,"QB4","6","3 out of 5 stars","+3"
"38",4,"Rachaad White",TB,"RB12","11","5 out of 5 stars","+5"
"39",4,"DeVonta Smith",PHI,"WR21","5","2 out of 5 stars","-2"
"40",4,"Cooper Kupp",LAR,"WR22","6","3 out of 5 stars","-9"
"41",4,"Josh Jacobs",GB,"RB13","10","1 out of 5 stars","-2"
"42",4,"Amari Cooper",CLE,"WR23","10","3 out of 5 stars","+3"
"43",4,"Joe Mixon",HOU,"RB14","14","3 out of 5 stars","+8"
"44",4,"James Cook",BUF,"RB15","12","2 out of 5 stars","+3"
"45",4,"Stefon Diggs",HOU,"WR24","14","3 out of 5 stars","-9"
"46",5,"Kenneth Walker III",SEA,"RB16","10","4 out of 5 stars","+9"
"47",5,"Anthony Richardson",IND,"QB5","14","5 out of 5 stars","+6"
"48",5,"Tee Higgins",CIN,"WR25","12","2 out of 5 stars","+2"
"49",5,"Mark Andrews",BAL,"TE3","14","3 out of 5 stars","0"
"50",5,"Malik Nabers",NYG,"WR26","11","3 out of 5 stars","-8"
"51",5,"George Pickens",PIT,"WR27","9","1 out of 5 stars","-3"
"52",5,"Trey McBride",ARI,"TE4","11","5 out of 5 stars","-8"
"53",5,"Alvin Kamara",NO,"RB17","12","5 out of 5 stars","+5"
"54",5,"C.J. Stroud",HOU,"QB6","14","2 out of 5 stars","+3"
"55",5,"Zay Flowers",BAL,"WR28","14","3 out of 5 stars","-9"
"56",5,"Christian Kirk",JAC,"WR29","12","4 out of 5 stars","0"
"57",5,"Tank Dell",HOU,"WR30","14","3 out of 5 stars","-3"
"58",5,"Aaron Jones",MIN,"RB18","6","3 out of 5 stars","+8"
"59",5,"Terry McLaurin",WAS,"WR31","14","3 out of 5 stars","+1"
"60",5,"Joe Burrow",CIN,"QB7","12","2 out of 5 stars","+10"
"61",5,"David Montgomery",DET,"RB19","5","3 out of 5 stars","+15"
"62",5,"Dak Prescott",DAL,"QB8","7","2 out of 5 stars","+9"
"63",5,"Keenan Allen",CHI,"WR32","7","4 out of 5 stars","-4"
"64",5,"Rhamondre Stevenson",NE,"RB20","14","2 out of 5 stars","-1"
"65",5,"Kyler Murray",ARI,"QB9","11","2 out of 5 stars","+7"
"66",5,"James Conner",ARI,"RB21","11","2 out of 5 stars","+15"
"67",5,"Dalton Kincaid",BUF,"TE5","12","2 out of 5 stars","-15"
"68",6,"Calvin Ridley",TEN,"WR33","5","4 out of 5 stars","-3"
"69",6,"Chris Godwin",TB,"WR34","11","3 out of 5 stars","-7"
"70",6,"Zamir White",LV,"RB22","10","3 out of 5 stars","+10"
"71",6,"Najee Harris",PIT,"RB23","9","4 out of 5 stars","-2"
"72",6,"Jayden Reed",GB,"WR35","10","4 out of 5 stars","-8"
"73",6,"D'Andre Swift",CHI,"RB24","7","2 out of 5 stars","+4"
"74",6,"Jordan Love",GB,"QB10","10","5 out of 5 stars","+1"
"75",6,"Raheem Mostert",MIA,"RB25","6","3 out of 5 stars","+13"
"76",6,"DeAndre Hopkins",TEN,"WR36","5","4 out of 5 stars","+3"
"77",6,"George Kittle",SF,"TE6","9","4 out of 5 stars","-3"
"78",6,"Diontae Johnson",CAR,"WR37","11","5 out of 5 stars","0"
"79",6,"Tony Pollard",TEN,"RB26","5","3 out of 5 stars","+11"
"80",6,"Kyle Pitts",ATL,"TE7","12","3 out of 5 stars","-19"
"81",6,"Rashee Rice",KC,"WR38","6","3 out of 5 stars","-8"
"82",6,"Brock Purdy",SF,"QB11","9","2 out of 5 stars","+11"
"83",6,"Hollywood Brown",KC,"WR39","6","3 out of 5 stars","-15"
"84",6,"Jaylen Warren",PIT,"RB27","9","4 out of 5 stars","0"
"85",6,"Evan Engram",JAC,"TE8","12","3 out of 5 stars","-18"
"86",6,"Zack Moss",CIN,"RB28","12","3 out of 5 stars","-3"
"87",6,"Brian Robinson Jr.",WAS,"RB29","14","3 out of 5 stars","+13"
"88",6,"Javonte Williams",DEN,"RB30","14","4 out of 5 stars","+9"
"89",6,"Jordan Addison",MIN,"WR40","6","3 out of 5 stars","-4"
"90",7,"Jayden Daniels",WAS,"QB12","14","3 out of 5 stars","+6"
"91",7,"Christian Watson",GB,"WR41","10","4 out of 5 stars","-9"
"92",7,"Tua Tagovailoa",MIA,"QB13","6","2 out of 5 stars","+16"
"93",7,"David Njoku",CLE,"TE9","10","3 out of 5 stars","+2"
"94",7,"Xavier Worthy",KC,"WR42","6","3 out of 5 stars","-2"
"95",7,"Jaxon Smith-Njigba",SEA,"WR43","10","3 out of 5 stars","-4"
"96",7,"Jared Goff",DET,"QB14","5","4 out of 5 stars","+8"
"97",7,"Jake Ferguson",DAL,"TE10","7","2 out of 5 stars","-11"
"98",7,"Devin Singletary",NYG,"RB31","11","3 out of 5 stars","0"
"99",7,"Courtland Sutton",DEN,"WR44","14","2 out of 5 stars","+6"
"100",7,"Caleb Williams",CHI,"QB15","7","4 out of 5 stars","+9"
"101",7,"Jonathon Brooks",CAR,"RB32","11","4 out of 5 stars","-12"
"102",7,"Tyjae Spears",TEN,"RB33","5","3 out of 5 stars","0"
"103",7,"Trevor Lawrence",JAC,"QB16","12","5 out of 5 stars","+7"
"104",7,"Justin Herbert",LAC,"QB17","5","2 out of 5 stars","+9"
"105",7,"Austin Ekeler",WAS,"RB34","14","3 out of 5 stars","-6"
"106",7,"Dallas Goedert",PHI,"TE11","5","4 out of 5 stars","+6"
"107",7,"Rome Odunze",CHI,"WR45","7","4 out of 5 stars","-13"
"108",7,"Gus Edwards",LAC,"RB35","5","4 out of 5 stars","+15"
"109",7,"Tyler Lockett",SEA,"WR46","10","3 out of 5 stars","+10"
"110",7,"Ladd McConkey",LAC,"WR47","5","3 out of 5 stars","-23"
"111",7,"Nick Chubb",CLE,"RB36","10","4 out of 5 stars","+5"
"112",7,"Ezekiel Elliott",DAL,"RB37","7","3 out of 5 stars","+8"
"113",7,"Kirk Cousins",ATL,"QB18","12","3 out of 5 stars","+12"
"114",7,"Brock Bowers",LV,"TE12","10","4 out of 5 stars","-8"
"115",7,"Brian Thomas Jr.",JAC,"WR48","12","4 out of 5 stars","-12"
"116",7,"Jerome Ford",CLE,"RB38","10","4 out of 5 stars","-1"
"117",7,"Jakobi Meyers",LV,"WR49","10","3 out of 5 stars","+4"
"118",7,"Jameson Williams",DET,"WR50","5","4 out of 5 stars","-11"
"119",7,"Dalton Schultz",HOU,"TE13","14","2 out of 5 stars","+8"
"120",7,"Matthew Stafford",LAR,"QB19","6","4 out of 5 stars","+10"
"121",7,"Pat Freiermuth",PIT,"TE14","9","3 out of 5 stars","+8"
"122",7,"Chase Brown",CIN,"RB39","12","3 out of 5 stars","-5"
"123",7,"Trey Benson",ARI,"RB40","11","2 out of 5 stars","-12"
"124",7,"Keon Coleman",BUF,"WR51","12","2 out of 5 stars","-23"
"125",7,"Zach Charbonnet",SEA,"RB41","10","4 out of 5 stars","+3"
"126",8,"T.J. Hockenson",MIN,"TE15","6","2 out of 5 stars","+6"
"127",8,"Aaron Rodgers",NYJ,"QB20","12","2 out of 5 stars","+12"
"128",8,"Mike Williams",NYJ,"WR52","12","4 out of 5 stars","+7"
"129",8,"Cole Kmet",CHI,"TE16","7","3 out of 5 stars","+7"
"130",8,"Curtis Samuel",BUF,"WR53","12","2 out of 5 stars","-16"
"131",8,"Brandin Cooks",DAL,"WR54","7","3 out of 5 stars","+3"
"132",8,"Deshaun Watson",CLE,"QB21","10","4 out of 5 stars","+6"
"133",8,"Blake Corum",LAR,"RB42","6","3 out of 5 stars","-15"
"134",8,"Rashid Shaheed",NO,"WR55","12","3 out of 5 stars","-3"
"135",8,"Romeo Doubs",GB,"WR56","10","4 out of 5 stars","-11"
"136",8,"Joshua Palmer",LAC,"WR57","5","3 out of 5 stars","-10"
"137",8,"Baker Mayfield",TB,"QB22","11","2 out of 5 stars","+5"
"138",8,"Chuba Hubbard",CAR,"RB43","11","4 out of 5 stars","+14"
"139",8,"Antonio Gibson",NE,"RB44","14","2 out of 5 stars","+14"
"140",8,"Geno Smith",SEA,"QB23","10","3 out of 5 stars","+14"
"141",8,"Josh Downs",IND,"WR58","14","4 out of 5 stars","+5"
"142",8,"Jerry Jeudy",CLE,"WR59","10","3 out of 5 stars","-9"
"143",8,"Kendre Miller",NO,"RB45","12","5 out of 5 stars","-6"
"144",8,"Khalil Shakir",BUF,"WR60","12","2 out of 5 stars","-22"
"145",8,"Luke Musgrave",GB,"TE17","10","3 out of 5 stars","+4"
"146",8,"Rico Dowdle",DAL,"RB46","7","3 out of 5 stars","-3"
"147",8,"Gabe Davis",JAC,"WR61","12","4 out of 5 stars","-2"
"148",8,"Ty Chandler",MIN,"RB47","6","3 out of 5 stars","-8"
"149",8,"Tyler Allgeier",ATL,"RB48","12","4 out of 5 stars","+14"
"150",8,"Jahan Dotson",WAS,"WR62","14","3 out of 5 stars","-9"
"151",8,"Hunter Henry",NE,"TE18","14","3 out of 5 stars","+14"
"152",8,"Jaleel McLaughlin",DEN,"RB49","14","4 out of 5 stars","+3"
"153",8,"Will Levis",TEN,"QB24","5","5 out of 5 stars","+5"
"154",8,"MarShawn Lloyd",GB,"RB50","10","1 out of 5 stars","-10"
"155",8,"Adam Thielen",CAR,"WR63","11","5 out of 5 stars","+4"
"156",8,"Khalil Herbert",CHI,"RB51","7","2 out of 5 stars","+33"
"157",8,"Adonai Mitchell",IND,"WR64","14","4 out of 5 stars","0"
"158",8,"Derek Carr",NO,"QB25","12","4 out of 5 stars","+11"
"159",8,"J.K. Dobbins",LAC,"RB52","5","4 out of 5 stars","-3"
"160",8,"Dontayvion Wicks",GB,"WR65","10","4 out of 5 stars","-10"
"161",8,"DeMario Douglas",NE,"WR66","14","3 out of 5 stars","+7"
"162",9,"Roschon Johnson",CHI,"RB53","7","2 out of 5 stars","+13"
"163",9,"Cade Otton",TB,"TE19","11","3 out of 5 stars","+8"
"164",9,"Quentin Johnston",LAC,"WR67","5","3 out of 5 stars","-4"
"165",9,"Daniel Jones",NYG,"QB26","11","2 out of 5 stars","+13"
"166",9,"Michael Wilson",ARI,"WR68","11","3 out of 5 stars","-5"
"167",9,"Marvin Mims Jr.",DEN,"WR69","14","2 out of 5 stars","+20"
"168",9,"Xavier Legette",CAR,"WR70","11","5 out of 5 stars","-2"
"169",9,"Darnell Mooney",ATL,"WR71","12","4 out of 5 stars","-7"
"170",9,"Ray Davis",BUF,"RB54","12","2 out of 5 stars","-6"
"171",9,"Rashod Bateman",BAL,"WR72","14","3 out of 5 stars","+19"
"172",9,"Elijah Mitchell",SF,"RB55","9","2 out of 5 stars","+10"
"173",9,"Ja'Lynn Polk",NE,"WR73","14","3 out of 5 stars","-3"
"174",9,"Bryce Young",CAR,"QB27","11","5 out of 5 stars","-1"
"175",9,"Chigoziem Okonkwo",TEN,"TE20","5","4 out of 5 stars","+1"
"176",9,"Baltimore Ravens",BAL,"DST1","14","2 out of 5 stars","+60"
"177",9,"Jermaine Burton",CIN,"WR74","12","2 out of 5 stars","+2"
"178",9,"Juwan Johnson",NO,"TE21","12","4 out of 5 stars","+20"
"179",9,"Tyler Conklin",NYJ,"TE22","12","3 out of 5 stars","-12"
"180",9,"Wan'Dale Robinson",NYG,"WR75","11","3 out of 5 stars","-3"
"181",9,"Jaylen Wright",MIA,"RB56","6","3 out of 5 stars","-30"
"182",9,"Russell Wilson",PIT,"QB28","9","2 out of 5 stars","+6"
"183",9,"Dameon Pierce",HOU,"RB57","14","3 out of 5 stars","+12"
"184",9,"San Francisco 49ers",SF,"DST2","9","1 out of 5 stars","+55"
"185",9,"Dallas Cowboys",DAL,"DST3","7","4 out of 5 stars","+53"
"186",9,"Cleveland Browns",CLE,"DST4","10","2 out of 5 stars","+63"
"187",9,"Bucky Irving",TB,"RB58","11","5 out of 5 stars","-15"
"188",9,"Noah Fant",SEA,"TE23","10","3 out of 5 stars","-5"
"189",9,"New York Jets",NYJ,"DST5","12","1 out of 5 stars","+55"
"190",9,"Isaiah Likely",BAL,"TE24","14","3 out of 5 stars","-5"
"191",9,"Taysom Hill",NO,"TE25","12","4 out of 5 stars","-43"
"192",9,"Ben Sinnott",WAS,"TE26","14","2 out of 5 stars","+10"
"193",9,"Justin Tucker",BAL,"K1","14","2 out of 5 stars","-"
"194",9,"Ricky Pearsall",SF,"WR76","9","2 out of 5 stars","-14"
"195",9,"Brandon Aubrey",DAL,"K2","7","2 out of 5 stars","-"
"196",9,"Troy Franklin",DEN,"WR77","14","2 out of 5 stars","-22"
"197",9,"Buffalo Bills",BUF,"DST6","12","2 out of 5 stars","+55"
"198",9,"Alexander Mattison",LV,"RB59","10","3 out of 5 stars","+10"
"199",9,"Tucker Kraft",GB,"TE27","10","3 out of 5 stars","+47"
"200",9,"Roman Wilson",PIT,"WR78","9","1 out of 5 stars","-9"
"201",9,"Elijah Moore",CLE,"WR79","10","3 out of 5 stars","+29"
"202",9,"Keaton Mitchell",BAL,"RB60","14","3 out of 5 stars","+7"
"203",9,"Kansas City Chiefs",KC,"DST7","6","2 out of 5 stars","+48"
"204",9,"Pittsburgh Steelers",PIT,"DST8","9","4 out of 5 stars","+46"
"205",9,"J.J. McCarthy",MIN,"QB29","6","5 out of 5 stars","-12"
"206",10,"D'Onta Foreman",CLE,"RB61","10","4 out of 5 stars","-10"
"207",10,"Kimani Vidal",LAC,"RB62","5","4 out of 5 stars","-60"
"208",10,"Harrison Butker",KC,"K3","6","2 out of 5 stars","-"
"209",10,"Javon Baker",NE,"WR80","14","3 out of 5 stars","+25"
"210",10,"Jason Sanders",MIA,"K4","6","2 out of 5 stars","-"
"211",10,"Demarcus Robinson",LAR,"WR81","6","3 out of 5 stars","-19"
"212",10,"Kenneth Gainwell",PHI,"RB63","5","4 out of 5 stars","+13"
"213",10,"Miami Dolphins",MIA,"DST9","6","2 out of 5 stars","+42"
"214",10,"Houston Texans",HOU,"DST10","14","2 out of 5 stars","+42"
"215",10,"Ka'imi Fairbairn",HOU,"K5","14","2 out of 5 stars","-"
"216",10,"AJ Dillon",GB,"RB64","10","1 out of 5 stars","+17"
"217",10,"New Orleans Saints",NO,"DST11","12","5 out of 5 stars","+49"
"218",10,"Tyler Bass",BUF,"K6","12","5 out of 5 stars","-"
"219",10,"Braelon Allen",NYJ,"RB65","12","2 out of 5 stars","-35"
"220",10,"Audric Estime",DEN,"RB66","14","4 out of 5 stars","-20"
"221",10,"Malachi Corley",NYJ,"WR82","12","4 out of 5 stars","-18"
"222",10,"Jake Moody",SF,"K7","9","1 out of 5 stars","-"
"223",10,"Philadelphia Eagles",PHI,"DST12","5","3 out of 5 stars","+34"
"224",10,"Jalin Hyatt",NYG,"WR83","11","3 out of 5 stars","-11"
"225",10,"Clyde Edwards-Helaire",KC,"RB67","6","3 out of 5 stars","-24"
"226",10,"Jake Elliott",PHI,"K8","5","2 out of 5 stars","-"
"227",10,"Zay Jones",ARI,"WR84","11","3 out of 5 stars","-1"
"228",10,"Miles Sanders",CAR,"RB68","11","4 out of 5 stars","+9"
"229",10,"Darius Slayton",NYG,"WR85","11","3 out of 5 stars","-15"
"230",10,"Mike Gesicki",CIN,"TE28","12","3 out of 5 stars","-26"
"231",10,"Younghoe Koo",ATL,"K9","12","0 out of 5 stars","-"
"232",10,"Chicago Bears",CHI,"DST13","7","3 out of 5 stars","+32"
"233",10,"Tyler Boyd",TEN,"WR86","5","4 out of 5 stars","-28"
"234",10,"Evan McPherson",CIN,"K10","12","0 out of 5 stars","-"
"235",10,"Kendrick Bourne",NE,"WR87","14","3 out of 5 stars","0"
"236",10,"Tyrone Tracy Jr.",NYG,"RB69","11","3 out of 5 stars","-55"
"237",10,"Drake Maye",NE,"QB30","14","3 out of 5 stars","-38"
"238",10,"Bo Nix",DEN,"QB31","14","2 out of 5 stars","-44"
"239",10,"Tank Bigsby",JAC,"RB70","12","2 out of 5 stars","-28"
"240",10,"Cameron Dicker",LAC,"K11","5","3 out of 5 stars","-"
"241",10,"Rondale Moore",ATL,"WR88","12","4 out of 5 stars","-1"
"242",10,"Odell Beckham Jr.",MIA,"WR89","6","2 out of 5 stars","-20"
"243",10,"Michael Mayer",LV,"TE29","10","4 out of 5 stars","-20"
"244",10,"Jamaal Williams",NO,"RB71","12","5 out of 5 stars","+37"
"245",10,"Matt Gay",IND,"K12","14","5 out of 5 stars","-"
"246",10,"Justice Hill",BAL,"RB72","14","3 out of 5 stars","+12"
"247",10,"A.T. Perry",NO,"WR90","12","3 out of 5 stars","-18"
"248",10,"Dustin Hopkins",CLE,"K13","10","2 out of 5 stars","-"
"249",10,"Treylon Burks",TEN,"WR91","5","4 out of 5 stars","+55"
"250",10,"Indianapolis Colts",IND,"DST14","14","4 out of 5 stars","+12"
"251",10,"Jelani Woods",IND,"TE30","14","3 out of 5 stars","-36"
"252",10,"Jonathan Mingo",CAR,"WR92","11","5 out of 5 stars","+45"
"253",10,"Minnesota Vikings",MIN,"DST15","6","3 out of 5 stars","+26"
"254",10,"Ja'Tavion Sanders",CAR,"TE31","11","3 out of 5 stars","-35"
"255",10,"Cairo Santos",CHI,"K14","7","5 out of 5 stars","-"
"256",10,"Dawson Knox",BUF,"TE32","12","2 out of 5 stars","-2"
"257",10,"DJ Chark Jr.",LAC,"WR93","5","3 out of 5 stars","-12"
"258",10,"Jason Myers",SEA,"K15","10","5 out of 5 stars","-"
"259",10,"Samaje Perine",DEN,"RB73","14","4 out of 5 stars","-42"
"260",10,"Josh Reynolds",DEN,"WR94","14","2 out of 5 stars","+23"
"261",11,"Detroit Lions",DET,"DST16","5","0 out of 5 stars","+8"
"262",11,"Jalen McMillan",TB,"WR95","11","3 out of 5 stars","-35"
"263",11,"Gardner Minshew II",LV,"QB32","10","2 out of 5 stars","-57"
"264",11,"Devontez Walker",BAL,"WR96","14","3 out of 5 stars","-54"
"265",11,"Trey Palmer",TB,"WR97","11","3 out of 5 stars","+46"
"266",11,"Justin Fields",PIT,"QB33","9","2 out of 5 stars","-69"
"267",11,"Alec Pierce",IND,"WR98","14","4 out of 5 stars","+69"
"268",11,"K.J. Osborn",NE,"WR99","14","3 out of 5 stars","+4"
"269",11,"Cincinnati Bengals",CIN,"DST17","12","5 out of 5 stars","+11"
"270",11,"Gerald Everett",CHI,"TE33","7","3 out of 5 stars","+57"
"271",11,"Denver Broncos",DEN,"DST18","14","3 out of 5 stars","+31"
"272",11,"Will Shipley",PHI,"RB74","5","4 out of 5 stars","-54"
"273",11,"Cedric Tillman",CLE,"WR100","10","3 out of 5 stars","+4"
"274",11,"Daniel Carlson",LV,"K16","10","2 out of 5 stars","-"
"275",11,"Dylan Laube",LV,"RB75","10","3 out of 5 stars","-32"
"276",11,"Evan Hull",IND,"RB76","14","2 out of 5 stars","+31"
"277",11,"Tyler Higbee",LAR,"TE34","6","3 out of 5 stars","-2"
"278",11,"Michael Gallup",LV,"WR101","10","3 out of 5 stars","-"
"279",11,"Andrei Iosivas",CIN,"WR102","12","2 out of 5 stars","+5"
"280",11,"Luke McCaffrey",WAS,"WR103","14","3 out of 5 stars","-73"
"281",11,"Blake Grupe",NO,"K17","12","4 out of 5 stars","-"
"282",11,"Trey Sermon",IND,"RB77","14","2 out of 5 stars","-35"
"283",11,"Deuce Vaughn",DAL,"RB78","7","3 out of 5 stars","+32"
"284",11,"Sam Darnold",MIN,"QB34","6","5 out of 5 stars","-72"
"285",11,"Jacksonville Jaguars",JAC,"DST19","12","4 out of 5 stars","-11"
"286",11,"Noah Brown",HOU,"WR104","14","3 out of 5 stars","+17"
"287",11,"Jonnu Smith",MIA,"TE35","6","2 out of 5 stars","-101"
"288",11,"Michael Carter",ARI,"RB79","11","2 out of 5 stars","-"
"289",11,"Jeff Wilson Jr.",MIA,"RB80","6","3 out of 5 stars","-"
"290",11,"Kadarius Toney",KC,"WR105","6","3 out of 5 stars","+11"
"291",11,"Chris Rodriguez Jr.",WAS,"RB81","14","3 out of 5 stars","-"
"292",11,"D'Ernest Johnson",JAC,"RB82","12","2 out of 5 stars","0"
"293",11,"Isaac Guerendo",SF,"RB83","9","2 out of 5 stars","-61"
"294",11,"Brenden Rice",LAC,"WR106","5","3 out of 5 stars","+11"
"295",11,"Greg Dulcich",DEN,"TE36","14","2 out of 5 stars","-47"
"296",11,"Israel Abanikanda",NYJ,"RB84","12","2 out of 5 stars","-"
"297",11,"Zach Ertz",WAS,"TE37","14","2 out of 5 stars","-66"
"298",11,"Greg Zuerlein",NYJ,"K18","12","4 out of 5 stars","-"
"299",11,"Jordan Mason",SF,"RB85","9","2 out of 5 stars","-"
"300",11,"Eric Gray",NYG,"RB86","11","3 out of 5 stars","-47"
"301",11,"Cordarrelle Patterson",PIT,"RB87","9","4 out of 5 stars","+22"
"302",11,"Chase Edmonds",TB,"RB88","11","5 out of 5 stars","-"
"303",11,"Pierre Strong Jr.",CLE,"RB89","10","4 out of 5 stars","-"
"304",11,"Michael Thomas",FA,"WR107","-","-","+21"
"305",11,"Aidan O'Connell",LV,"QB35","10","2 out of 5 stars","-89"
"306",11,"Emari Demercado",ARI,"RB90","11","2 out of 5 stars","-"
"307",11,"Las Vegas Raiders",LV,"DST20","10","3 out of 5 stars","-42"
"308",11,"Jacob Cowing",SF,"WR108","9","2 out of 5 stars","-"
"309",11,"Kareem Hunt",FA,"RB91","-","-","-46"
"310",11,"Ronnie Rivers",LAR,"RB92","6","3 out of 5 stars","-"
"311",11,"Jerick McKinnon",FA,"RB93","-","-","+38"
"312",11,"Robert Woods",HOU,"WR109","14","3 out of 5 stars","-"
"313",11,"Tyler Scott",CHI,"WR110","7","4 out of 5 stars","+5"
"314",11,"Isaiah Spiller",LAC,"RB94","5","4 out of 5 stars","-"
"315",11,"Rashaad Penny",CAR,"RB95","11","4 out of 5 stars","+16"
"316",11,"Green Bay Packers",GB,"DST21","10","1 out of 5 stars","-49"
"317",12,"Cam Akers",MIN,"RB96","6","3 out of 5 stars","-"
"318",12,"Greg Dortch",ARI,"WR111","11","3 out of 5 stars","-90"
"319",12,"Michael Penix Jr.",ATL,"QB36","12","3 out of 5 stars","-60"
"320",12,"Jacoby Brissett",NE,"QB37","14","3 out of 5 stars","-79"
"321",12,"New England Patriots",NE,"DST22","14","2 out of 5 stars","-43"
"322",12,"Daniel Bellinger",NYG,"TE38","11","4 out of 5 stars","-80"
"323",12,"Dalvin Cook",FA,"RB97","-","-","-41"
"324",12,"Jalen Tolbert",DAL,"WR112","7","3 out of 5 stars","-100"
"325",12,"Tutu Atwell",LAR,"WR113","6","3 out of 5 stars","-17"
"326",12,"Colby Parkinson",LAR,"TE39","6","3 out of 5 stars","-105"
"327",12,"Theo Johnson",NYG,"TE40","11","4 out of 5 stars","-59"
"328",12,"Salvon Ahmed",MIA,"RB98","6","3 out of 5 stars","-"
"329",12,"Joshua Kelley",FA,"RB99","-","-","-"
"330",12,"Hayden Hurst",LAC,"TE41","5","3 out of 5 stars","-110"
"331",12,"Marquez Valdes-Scantling",BUF,"WR114","12","2 out of 5 stars","-19"
"332",12,"JuJu Smith-Schuster",NE,"WR115","14","3 out of 5 stars","-"
"333",12,"Kalif Raymond",DET,"WR116","5","4 out of 5 stars","-62"
"334",12,"Nelson Agholor",BAL,"WR117","14","3 out of 5 stars","-"
"335",12,"Matt Breida",FA,"RB100","-","-","-"
"336",12,"Donovan Peoples-Jones",DET,"WR118","5","4 out of 5 stars","+9"
"337",12,"Rasheen Ali",BAL,"RB101","14","3 out of 5 stars","-46"
"338",12,"Tampa Bay Buccaneers",TB,"DST23","11","4 out of 5 stars","-68"
"339",12,"Malik Washington",MIA,"WR119","6","2 out of 5 stars","-63"
"340",12,"Sam Howell",SEA,"QB38","10","3 out of 5 stars","-21"
"341",12,"Wil Lutz",DEN,"K19","14","2 out of 5 stars","-"
"342",12,"Skyy Moore",KC,"WR120","6","3 out of 5 stars","-"
"343",12,"Allen Lazard",NYJ,"WR121","12","4 out of 5 stars","-44"
"344",12,"Calvin Austin III",PIT,"WR122","9","1 out of 5 stars","-83"
"345",12,"Donald Parham Jr.",LAC,"TE42","5","3 out of 5 stars","-55"
"346",12,"Chris Boswell",PIT,"K20","9","4 out of 5 stars","-"
"347",12,"Seattle Seahawks",SEA,"DST24","10","4 out of 5 stars","-54"
"348",12,"Tre Tucker",LV,"WR123","10","3 out of 5 stars","-75"
"349",12,"Jauan Jennings",SF,"WR124","9","2 out of 5 stars","-89"
"350",12,"Michael Badgley",DET,"K21","5","2 out of 5 stars","-"
"351",12,"Los Angeles Rams",LAR,"DST25","6","2 out of 5 stars","-30"
"352",12,"Van Jefferson",PIT,"WR125","9","1 out of 5 stars","-63"
"353",12,"Noah Gray",KC,"TE43","6","3 out of 5 stars","-15"
"354",12,"Hunter Renfrow",FA,"WR126","-","-","-8"
"355",12,"Cedrick Wilson Jr.",NO,"WR127","12","3 out of 5 stars","-"
"356",12,"Logan Thomas",SF,"TE44","9","4 out of 5 stars","-30"
"357",12,"Keaontay Ingram",KC,"RB102","6","3 out of 5 stars","-"
"358",12,"Brandon McManus",FA,"K22","-","-","-"
"359",12,"Kylen Granson",IND,"TE45","14","3 out of 5 stars","-"
"360",12,"Tim Patrick",DEN,"WR128","14","2 out of 5 stars","-32"
"361",12,"Craig Reynolds",DET,"RB103","5","3 out of 5 stars","-"
"362",12,"John Metchie III",HOU,"WR129","14","3 out of 5 stars","-62"
"363",12,"Brandon Powell",MIN,"WR130","6","3 out of 5 stars","-15"
"364",12,"New York Giants",NYG,"DST26","11","3 out of 5 stars","-76"
"365",12,"Bo Melton",GB,"WR131","10","4 out of 5 stars","-70"
"366",12,"Royce Freeman",DAL,"RB104","7","3 out of 5 stars","-"
"367",12,"Drew Lock",NYG,"QB39","11","2 out of 5 stars","-47"
"368",12,"Jawhar Jordan",HOU,"RB105","14","3 out of 5 stars","-62"
"369",12,"Will Dissly",LAC,"TE46","5","3 out of 5 stars","-53"
"370",12,"Tanner Hudson",CIN,"TE47","12","3 out of 5 stars","-"
"371",12,"Justin Watson",KC,"WR132","6","3 out of 5 stars","-"
"372",12,"Johnny Wilson",PHI,"WR133","5","2 out of 5 stars","-59"
"373",13,"Greg Joseph",GB,"K23","10","5 out of 5 stars","-"
"374",13,"Parris Campbell",PHI,"WR134","5","2 out of 5 stars","-"
"375",13,"Joe Flacco",IND,"QB40","14","5 out of 5 stars","-81"
"376",13,"Ty Johnson",BUF,"RB106","12","2 out of 5 stars","-59"
"377",13,"Kenny Pickett",PHI,"QB41","5","2 out of 5 stars","-42"
"378",13,"Erick All Jr.",CIN,"TE48","12","3 out of 5 stars","-44"
"379",13,"Carolina Panthers",CAR,"DST27","11","4 out of 5 stars","-38"
"380",13,"Brevin Jordan",HOU,"TE49","14","2 out of 5 stars","-"
"381",13,"Jeremy Ruckert",NYJ,"TE50","12","3 out of 5 stars","-"
"382",13,"Xavier Gipson",NYJ,"WR135","12","4 out of 5 stars","-95"
"383",13,"Atlanta Falcons",ATL,"DST28","12","4 out of 5 stars","-87"
"384",13,"Ainias Smith",PHI,"WR136","5","2 out of 5 stars","-"
"385",13,"Latavius Murray",FA,"RB107","-","-","-"
"386",13,"Matt Prater",ARI,"K24","11","2 out of 5 stars","-"
"387",13,"Parker Washington",JAC,"WR137","12","4 out of 5 stars","-"
"388",13,"Los Angeles Chargers",LAC,"DST29","5","5 out of 5 stars","-103"
"389",13,"Adam Trautman",DEN,"TE51","14","2 out of 5 stars","-"
"390",13,"Jameis Winston",CLE,"QB42","10","4 out of 5 stars","-50"
"391",13,"Jaheim Bell",NE,"TE52","14","3 out of 5 stars","-"
"392",13,"Isaiah Davis",NYJ,"RB108","12","2 out of 5 stars","-62"
"393",13,"Chase McLaughlin",TB,"K25","11","3 out of 5 stars","-"
"394",13,"Cade Stover",HOU,"TE53","14","2 out of 5 stars","-44"
"395",13,"Trenton Irwin",CIN,"WR138","12","2 out of 5 stars","-"
"396",13,"Austin Hooper",NE,"TE54","14","3 out of 5 stars","-"
"397",13,"Jase McClellan",ATL,"RB109","12","4 out of 5 stars","-"
"398",13,"Eddy Pineiro",CAR,"K26","11","3 out of 5 stars","-"
"399",13,"Johnny Mundt",MIN,"TE55","6","2 out of 5 stars","-"
"400",13,"Tommy Tremble",CAR,"TE56","11","3 out of 5 stars","-"
"401",13,"Jarrett Stidham",DEN,"QB43","14","2 out of 5 stars","-"
"402",13,"Xavier Hutchinson",HOU,"WR139","14","3 out of 5 stars","-"
"403",13,"Josh Oliver",MIN,"TE57","6","2 out of 5 stars","-60"
"404",13,"Chase Claypool",BUF,"WR140","12","2 out of 5 stars","-118"
"405",13,"Nick Westbrook-Ikhine",TEN,"WR141","5","4 out of 5 stars","-"
"406",13,"Jake Browning",CIN,"QB44","12","2 out of 5 stars","-"
"407",13,"KaVontae Turpin",DAL,"WR142","7","3 out of 5 stars","-"
"408",13,"Anders Carlson",GB,"K27","10","5 out of 5 stars","-"
"409",13,"Frank Gore Jr.",BUF,"RB110","12","2 out of 5 stars","-85"
"410",13,"Darnell Washington",PIT,"TE58","9","3 out of 5 stars","-"
"411",13,"Blake Watson",DEN,"RB111","14","4 out of 5 stars","-82"
"412",13,"Charlie Jones",CIN,"WR143","12","2 out of 5 stars","-"
"413",13,"Davis Allen",LAR,"TE59","6","3 out of 5 stars","-91"
"414",13,"Chris Moore",ARI,"WR144","11","3 out of 5 stars","-"
"415",13,"Mack Hollins",BUF,"WR145","12","2 out of 5 stars","-"
"416",13,"Jake Bobo",SEA,"WR146","10","3 out of 5 stars","-"
"417",13,"Jamari Thrash",CLE,"WR147","10","3 out of 5 stars","-"
"418",13,"Will Mallory",IND,"TE60","14","3 out of 5 stars","-"
"419",13,"Graham Gano",NYG,"K28","11","1 out of 5 stars","-"
"420",13,"Foster Moreau",NO,"TE61","12","4 out of 5 stars","-"
"421",13,"Emeka Egbuka",FA,"WR148","-","-","-"
"422",13,"Sean Tucker",TB,"RB112","11","5 out of 5 stars","-"
"423",13,"Cody Schrader",SF,"RB113","9","2 out of 5 stars","-"
"424",13,"Trayveon Williams",CIN,"RB114","12","3 out of 5 stars","-"
"425",13,"Robert Tonyan",MIN,"TE62","6","2 out of 5 stars","-81"
"426",13,"Kevin Harris",NE,"RB115","14","2 out of 5 stars","-"
"427",13,"Durham Smythe",MIA,"TE63","6","2 out of 5 stars","-"
"428",13,"Ameer Abdullah",LV,"RB116","10","3 out of 5 stars","-"
"429",13,"Kenny McIntosh",SEA,"RB117","10","4 out of 5 stars","-"
"430",13,"AJ Barner",SEA,"TE64","10","3 out of 5 stars","-"
"431",13,"Joshua Karty",LAR,"K29","6","1 out of 5 stars","-"
"432",13,"Mecole Hardman Jr.",KC,"WR149","6","3 out of 5 stars","-"
"433",13,"Jared Wiley",KC,"TE65","6","3 out of 5 stars","-"
"434",13,"Mac Jones",JAC,"QB45","12","5 out of 5 stars","-"
"435",13,"Ryan Flournoy",DAL,"WR150","7","3 out of 5 stars","-98"
"436",13,"Nick Folk",TEN,"K30","5","5 out of 5 stars","-"
"437",13,"Zach Wilson",DEN,"QB46","14","2 out of 5 stars","-"
"438",13,"Isaiah Hodgins",NYG,"WR151","11","3 out of 5 stars","-"
"439",13,"Dillon Johnson",TEN,"RB118","5","3 out of 5 stars","-"
"440",13,"Tyquan Thornton",NE,"WR152","14","3 out of 5 stars","-"
"441",13,"Riley Patterson",JAC,"K31","12","5 out of 5 stars","-"
"442",13,"Washington Commanders",WAS,"DST30","14","5 out of 5 stars","-100"
"443",14,"Jamison Crowder",WAS,"WR153","14","3 out of 5 stars","-"
"444",14,"Malik Davis",DAL,"RB119","7","3 out of 5 stars","-"
"445",14,"Terrace Marshall Jr.",CAR,"WR154","11","5 out of 5 stars","-"
"446",14,"David Bell",CLE,"WR155","10","3 out of 5 stars","-"
"447",14,"Lucas Krull",DEN,"TE66","14","2 out of 5 stars","-138"
"448",14,"Braxton Berrios",MIA,"WR156","6","2 out of 5 stars","-"
"449",14,"Luke Schoonmaker",DAL,"TE67","7","2 out of 5 stars","-"
"450",14,"Irv Smith Jr.",KC,"TE68","6","3 out of 5 stars","-"
"451",14,"Trey Lance",DAL,"QB47","7","2 out of 5 stars","-"
"452",14,"Michael Wiley",WAS,"RB120","14","3 out of 5 stars","-"
"453",14,"Spencer Rattler",NO,"QB48","12","4 out of 5 stars","-120"
"454",14,"Nyheim Hines",CLE,"RB121","10","4 out of 5 stars","-156"
"455",14,"Cam Little",JAC,"K32","12","5 out of 5 stars","-"
"456",14,"Isaiah McKenzie",NYG,"WR157","11","3 out of 5 stars","-"
"457",14,"Jalen Brooks",DAL,"WR158","7","3 out of 5 stars","-147"
"458",14,"Tyrod Taylor",NYJ,"QB49","12","2 out of 5 stars","-"
"459",14,"Kyle Philips",TEN,"WR159","5","4 out of 5 stars","-"
"460",14,"Jimmy Garoppolo",LAR,"QB50","6","4 out of 5 stars","-"
"461",14,"Casey Washington",ATL,"WR160","12","4 out of 5 stars","-"
"462",14,"Kyle Juszczyk",SF,"RB122","9","2 out of 5 stars","-"
"463",14,"Zach Evans",LAR,"RB123","6","3 out of 5 stars","-"
"464",14,"Cole Turner",WAS,"TE69","14","2 out of 5 stars","-"
"465",14,"Brock Wright",DET,"TE70","5","3 out of 5 stars","-"
"466",14,"Trent Sherfield Sr.",MIN,"WR161","6","3 out of 5 stars","-"
"467",14,"Quez Watkins",PIT,"WR162","9","1 out of 5 stars","-"
"468",14,"Ray-Ray McCloud III",ATL,"WR163","12","4 out of 5 stars","-"
"469",14,"DeeJay Dallas",ARI,"RB124","11","2 out of 5 stars","-"
"470",14,"Tyler Goodson",IND,"RB125","14","2 out of 5 stars","-"
"471",14,"Boston Scott",LAR,"RB126","6","3 out of 5 stars","-"
"472",14,"Kendall Milton",PHI,"RB127","5","4 out of 5 stars","-"
"473",14,"Dyami Brown",WAS,"WR164","14","3 out of 5 stars","-"
"474",14,"Joshua Dobbs",SF,"QB51","9","2 out of 5 stars","-"
"475",14,"Bub Means",NO,"WR165","12","3 out of 5 stars","-"
"476",14,"Derius Davis",LAC,"WR166","5","3 out of 5 stars","-"
"477",14,"Jordan Whittington",LAR,"WR167","6","3 out of 5 stars","-"
"478",14,"Tip Reiman",ARI,"TE71","11","5 out of 5 stars","-"
"479",14,"Marcus Rosemy-Jacksaint",WAS,"WR168","14","3 out of 5 stars","-"
"480",14,"Hassan Haskins",TEN,"RB128","5","3 out of 5 stars","-"
"481",14,"Chris Brooks",MIA,"RB129","6","3 out of 5 stars","-"
"482",14,"Andy Dalton",CAR,"QB52","11","5 out of 5 stars","-"
"483",14,"Daijun Edwards",PIT,"RB130","9","4 out of 5 stars","-"
"484",14,"Justyn Ross",KC,"WR169","6","3 out of 5 stars","-"
"485",14,"Keilan Robinson",JAC,"RB131","12","2 out of 5 stars","-"
"486",14,"Deneric Prince",KC,"RB132","6","3 out of 5 stars","-"
"487",14,"Cornelius Johnson",LAC,"WR170","5","3 out of 5 stars","-"
"488",14,"Will Reichard",MIN,"K33","6","5 out of 5 stars","-"
"489",14,"Leonard Fournette",FA,"RB133","-","-","-"
"490",14,"Donovan Edwards",FA,"RB134","-","-","-"
"491",14,"Josh Whyle",TEN,"TE72","5","4 out of 5 stars","-"
"492",14,"Olamide Zaccheaus",WAS,"WR171","14","3 out of 5 stars","-"
"493",14,"Jordan Akins",CLE,"TE73","10","3 out of 5 stars","-"
"494",14,"Mo Alie-Cox",IND,"TE74","14","3 out of 5 stars","-"
"495",14,"Allen Robinson II",NYG,"WR172","11","3 out of 5 stars","-"
"496",14,"Joey Slye",NE,"K34","14","5 out of 5 stars","-"
"497",14,"Scotty Miller",PIT,"WR173","9","1 out of 5 stars","-"
"498",14,"Drew Sample",CIN,"TE75","12","3 out of 5 stars","-"
"499",14,"Jha'Quan Jackson",TEN,"WR174","5","4 out of 5 stars","-"
"500",14,"Elijah Higgins",ARI,"TE76","11","5 out of 5 stars","-"
"501",14,"James Robinson",NO,"RB135","12","5 out of 5 stars","-"
"502",14,"Kene Nwangwu",MIN,"RB136","6","3 out of 5 stars","-"
"503",14,"Raheem Blackshear",CAR,"RB137","11","4 out of 5 stars","-"
"504",14,"Mitchell Trubisky",BUF,"QB53","12","1 out of 5 stars","-157"
"505",14,"Brenton Strange",JAC,"TE77","12","3 out of 5 stars","-"
"506",14,"Tahj Washington",MIA,"WR175","6","2 out of 5 stars","-"
"507",14,"Denzel Mims",JAC,"WR176","12","4 out of 5 stars","-"
"508",14,"Marcus Mariota",WAS,"QB54","14","3 out of 5 stars","-"
"509",14,"Mike White",MIA,"QB55","6","2 out of 5 stars","-"
"510",14,"Emanuel Wilson",GB,"RB138","10","1 out of 5 stars","-"
"511",14,"Lil'Jordan Humphrey",DEN,"WR177","14","2 out of 5 stars","-"
"512",14,"Mason Rudolph",TEN,"QB56","5","5 out of 5 stars","-"
"513",14,"Charlie Woerner",ATL,"TE78","12","3 out of 5 stars","-"
"514",14,"Laviska Shenault Jr.",SEA,"WR178","10","3 out of 5 stars","-"
"515",14,"Isaiah Williams",DET,"WR179","5","4 out of 5 stars","-"
"516",14,"Chris Evans",CIN,"RB139","12","3 out of 5 stars","-"
"517",14,"Payne Durham",TB,"TE79","11","3 out of 5 stars","-"
"518",14,"Carson Wentz",KC,"QB57","6","3 out of 5 stars","-"
"519",14,"Malik Heath",GB,"WR180","10","4 out of 5 stars","-"
"520",14,"Antoine Green",DET,"WR181","5","4 out of 5 stars","-"
"521",14,"Kayshon Boutte",NE,"WR182","14","3 out of 5 stars","-"
"522",14,"Josh Johnson",BAL,"QB58","14","4 out of 5 stars","-"
"523",14,"Sterling Shepard",TB,"WR183","11","3 out of 5 stars","-"
"524",14,"La'Mical Perine",PIT,"RB140","9","4 out of 5 stars","-"
"525",14,"Patrick Taylor Jr.",SF,"RB141","9","2 out of 5 stars","-"
"526",14,"Harrison Bryant",LV,"TE80","10","4 out of 5 stars","-"
"527",14,"Carson Steele",KC,"RB142","6","3 out of 5 stars","-"
"528",14,"N'Keal Harry",MIN,"WR184","6","3 out of 5 stars","-"
"529",14,"Devin Duvernay",JAC,"WR185","12","4 out of 5 stars","-"
"530",14,"Miyan Williams",FA,"RB143","-","-","-"
"531",14,"Tanner McLachlan",CIN,"TE81","12","3 out of 5 stars","-"
"532",15,"Zach Pascal",ARI,"WR186","11","3 out of 5 stars","-"
"533",15,"Emani Bailey",KC,"RB144","6","3 out of 5 stars","-"
"534",15,"Dallin Holker",NO,"TE82","12","4 out of 5 stars","-"
"535",15,"Jalen Nailor",MIN,"WR187","6","3 out of 5 stars","-"
"536",15,"Desmond Ridder",ARI,"QB59","11","2 out of 5 stars","-"
"537",15,"Jason Brownlee",NYJ,"WR188","12","4 out of 5 stars","-"
"538",15,"Anthony Gould",IND,"WR189","14","4 out of 5 stars","-"
"539",15,"Xavier Weaver",ARI,"WR190","11","3 out of 5 stars","-"
"540",15,"KJ Hamler",BUF,"WR191","12","2 out of 5 stars","-"
"541",15,"Tyler Huntley",CLE,"QB60","10","4 out of 5 stars","-"
"542",15,"Avery Williams",ATL,"RB145","12","4 out of 5 stars","-"
"543",15,"Ronnie Bell",SF,"WR192","9","2 out of 5 stars","-"
"544",15,"Hendon Hooker",DET,"QB61","5","4 out of 5 stars","-"
"545",15,"Julius Chestnut",TEN,"RB146","5","3 out of 5 stars","-"
"546",15,"Nick Mullens",MIN,"QB62","6","5 out of 5 stars","-"
"547",15,"Jesper Horsted",NO,"TE83","12","4 out of 5 stars","-"
"548",15,"Tennessee Titans",TEN,"DST31","5","3 out of 5 stars","-2"
"549",15,"Arizona Cardinals",ARI,"DST32","11","3 out of 5 stars","-"